	Movie ID	Genre	Name	Year	Director	Cast	imDB rating	label
0	2	Adventure|Children's|Fantasy	Jumanji	1995	Joe Johnston	Robin Williams, Jonathan Hyde	6.9	0
2	8	Adventure|Children's	Tom and Huck	1995	Peter Hewitt	Jonathan Taylor Thomas, Brad Renfro	5.6	0
6	4	Comedy|Drama	Waiting to Exhale	1995	Forest Whitaker	Whitney Houston, Angela Bassett	5.6	0
7	10	Action|Adventure|Thriller	GoldenEye	1995	Martin Campbell	Pierce Brosnan, Sean Bean	7.2	0
8	15	Action|Adventure|Romance	Cutthroat Island	1995	Renny Harlin	Geena Davis, Matthew Modine	5.6	0
10	9	Action	Sudden Death	1995	Peter Hyams	Jean-Claude Van Damme, Powers Boothe	5.7	0
12	13	Animation|Children's	Balto	1995	Simon Wells	Kevin Bacon, Bob Hoskins	7.1	0
14	18	Thriller	Four Rooms	1995	Allison Anders,Alexandre Rockwell	Sammi Davis, Amanda De Cadenet	6.7	0
15	20	Action	Money Train	1995	Joseph Ruben	Wesley Snipes, Woody Harrelson	5.6	0
19	21	Action|Comedy|Drama	Get Shorty	1995	Barry Sonnenfeld	John Travolta, Gene Hackman	6.9	0
21	23	Thriller	Assassins	1995	Richard Donner	Sylvester Stallone, Antonio Banderas	6.3	0
26	33	Adventure|Romance	Wings of Courage	1995	Jean-Jacques Annaud	Craig Sheffer, Tom Hulce	6.6	0
27	34	Children's|Comedy|Drama	Babe	1995	Chris Noonan	Christine Cavanaugh, Miriam Margolyes	6.8	0
33	37	Documentary	Across the Sea of Time	1995	Stephen Low	Peter Reznick, John McDonough	6.6	0
37	44	Action|Adventure	Mortal Kombat	1995	Paul W.S. Anderson	Christopher Lambert, Robin Shou	5.8	0
40	56	Adventure|Children's|Fantasy	Kids of the Round Table	1995	Robert Tinnell	Johnny Morina, Maggie Castle	5.1	0
48	71	Action	Fair Game	1995	Andrew Sipes	William Baldwin, Cindy Crawford	4.1	0
49	72	Comedy|Drama	Kicking and Screaming	1995	Noah Baumbach	Josh Hamilton, Samuel Gould	7.1	0
51	76	Sci-Fi|Thriller	Screamers	1995	Christian Duguay	Peter Weller, Roy Dupuis	6.4	0
52	75	Comedy|Drama	Big Bully	1996	Steve Miner	Rick Moranis, Tom Arnold	4.5	0
53	77	Documentary	Nico Icon	1995	Susanne Ofteringer	Nico, Tina Aumont	7.3	0
56	84	Comedy|Drama	Last Summer in the Hamptons	1995	Henry Jaglom	Victoria Foyt, Viveca Lindfors	6.1	0
61	89	Action|Thriller	Nick of Time	1995	John Badham	Johnny Depp, Courtney Chase	6.3	0
64	95	Action|Thriller	Broken Arrow	1996	John Woo	John Travolta, Christian Slater	6.0	0
66	99	Documentary	Heidi Fleiss: Hollywood Madam	1995	Nick Broomfield	Nick Broomfield, Madam Alex	6.6	0
71	106	Comedy|Drama	Nobody Loves Me	1994	Doris Drrie	Maria Schrader, Pierre Sanoussi-Bliss	7.4	0
73	108	Documentary	Catwalk	1995	Robert Leacock	Christy Turlington, Azzedine Alaa	6.4	0
77	112	Action|Adventure|Crime	Rumble in the Bronx	1995	Stanley Tong	Jackie Chan, Anita Mui	6.7	0
80	116	Documentary	Anne Frank Remembered	1995	Jon Blair	Kenneth Branagh, Janny Brandes-Brilslijper	8.2	0
87	133	Comedy|Drama	Nueba Yol	1995	ngel Muiz	Luisito Mart, Caridad Ravelo	7.0	0
89	134	Documentary	Sonic Outlaws	1995	Craig Baldwin	Lloyd Dunn, Chris Grigg	7.4	0
91	136	Documentary	From the Journals of Jean Seberg	1995	Mark Rappaport	Mary Beth Hurt, Jean Seberg	7.2	0
97	158	Adventure|Children's	Casper	1995	Brad Silberling	Chauncey Leopardi, Spencer Vrooman	6.0	0
101	163	Action|Romance|Thriller	Desperado	1995	Robert Rodriguez	Antonio Banderas, Salma Hayek	7.2	0
102	165	Action|Thriller	Die Hard: With a Vengeance	1995	John McTiernan	Bruce Willis, Jeremy Irons	7.6	0
103	162	Documentary	Crumb	1994	Terry Zwigoff	Robert Crumb, Aline Kominsky	8.0	0
104	164	Crime|Film-Noir|Mystery|Thriller	Devil in a Blue Dress	1995	Carl Franklin	Denzel Washington, Tom Sizemore	6.7	0
106	170	Action|Crime|Thriller	Hackers	1995	Iain Softley	Jonny Lee Miller, Angelina Jolie	6.2	0
109	173	Action|Adventure|Sci-Fi	Judge Dredd	1995	Danny Cannon	Sylvester Stallone, Armand Assante	5.4	0
110	172	Action|Sci-Fi|Thriller	Johnny Mnemonic	1995	Robert Longo	Keanu Reeves, Dina Meyer	5.6	0
113	177	Horror	Lord of Illusions	1995	Clive Barker	Scott Bakula, Kevin J. O'Connor	6.0	0
114	181	Action|Children's	Mighty Morphin Power Rangers: The Movie	1995	Bryan Spicer	Karan Ashley, Johnny Yong Bosch	5.0	0
120	190	Thriller	Safe	1995	Todd Haynes	Julianne Moore, Xander Berkeley	7.1	0
123	195	Comedy|Drama|Romance	Something to Talk About	1995	Lasse Hallstrm	Julia Roberts, Dennis Quaid	5.7	0
125	196	Horror|Sci-Fi	Species	1995	Roger Donaldson	Ben Kingsley, Michael Madsen	5.8	0
126	198	Action|Crime|Sci-Fi	Strange Days	1995	Kathryn Bigelow	Ralph Fiennes, Angela Bassett	7.2	0
129	206	Documentary	Unzipped	1995	Douglas Keeve	Roseanne Barr, Sandra Bernhard	6.4	0
130	208	Action|Adventure	Waterworld	1995	Kevin Reynolds	Kevin Costner, Chaim Jeraffi	6.1	0
131	205	Comedy|Drama	Unstrung Heroes	1995	Diane Keaton	Andie MacDowell, John Turturro	6.8	0
137	218	Comedy|Drama	Boys on the Side	1995	Herbert Ross	Whoopi Goldberg, Mary-Louise Parker	6.4	0
139	220	Horror	Castle Freak	1995	Stuart Gordon	Jeffrey Combs, Barbara Crampton	5.9	0
142	227	Action	Drop Zone	1994	John Badham	Wesley Snipes, Gary Busey	5.6	0
145	232	Comedy|Drama	Eat Drink Man Woman	1994	Ang Lee	Sihung Lung, Yu-Wen Wang	7.8	0
150	235	Comedy|Drama	Ed Wood	1994	Tim Burton	Johnny Depp, Martin Landau	7.9	0
152	240	Thriller	Hideaway	1995	Brett Leonard	Jeff Goldblum, Christine Lahti	5.3	0
155	246	Documentary	Hoop Dreams	1994	Steve James	William Gates, Arthur Agee	8.3	0
158	244	Animation|Children's	Gumby: The Movie	1995	Art Clokey	Dal McKennon, Art Clokey	6.2	0
161	257	Mystery|Thriller	Just Cause	1995	Arne Glimcher	Sean Connery, Laurence Fishburne	6.4	0
178	288	Action|Thriller	Natural Born Killers	1994	Oliver Stone	Woody Harrelson, Juliette Lewis	7.3	0
193	311	Horror|Thriller	Relative Fear	1994	George Mihalka	Darlanne Fluegel, Martin Neufeld	5.7	0
195	316	Action|Adventure|Sci-Fi	Stargate	1994	Roland Emmerich	Kurt Russell, James Spader	7.0	0
196	319	Thriller	Shallow Grave	1994	Danny Boyle	Kerry Fox, Christopher Eccleston	7.4	0
199	329	Action|Adventure|Sci-Fi	Star Trek: Generations	1994	David Carson	Patrick Stewart, Jonathan Frakes	6.6	0
202	332	Horror|Sci-Fi	Village of the Damned	1995	John Carpenter	Christopher Reeve, Kirstie Alley	5.6	0
204	338	Sci-Fi|Thriller	Virtuosity	1995	Brett Leonard	Denzel Washington, Kelly Lynch	5.5	0
209	349	Action|Adventure|Thriller	Clear and Present Danger	1994	Phillip Noyce	Harrison Ford, Willem Dafoe	6.9	0
216	359	Comedy|Drama|Romance	I Like It Like That	1994	Darnell Martin	Lauren Luna Vlez, Jon Seda	6.7	0
222	372	Comedy|Drama	Reality Bites	1994	Ben Stiller	Winona Ryder, Ethan Hawke	6.6	0
223	377	Action|Romance|Thriller	Speed	1994	Jan de Bont	Keanu Reeves, Dennis Hopper	7.2	0
229	383	Western	Wyatt Earp	1994	Lawrence Kasdan	Kevin Costner, Dennis Quaid	6.6	0
231	393	Action	Street Fighter	1994	Steven E. de Souza	Jean-Claude Van Damme, Raul Julia	3.8	0
232	394	Action	Coldblooded	1995	Wallace Wolodarsky	Jason Priestley, Kimberly Williams-Paisley	6.8	0
234	398	Documentary	Frank and Ollie	1995	Theodore Thomas	Frank Thomas, Ollie Johnston	8.1	0
235	401	Action|Thriller	Mirage	1995	Paul Williams	James Andronica, Cuauhtemoc Rivas	5.1	0
238	404	Documentary	Brother Minister: The Assassination of Malcolm X	1994	Jefri Aalmuhammed,Jack Baxter	Peter Bailey, Roscoe Lee Browne	7.2	0
245	422	Thriller	Blink	1994	Michael Apted	Madeleine Stowe, Aidan Quinn	6.2	0
246	421	Adventure|Children's	Black Beauty	1994	Caroline Thompson	Docs Keepin Time, Alan Cumming	6.6	0
248	423	Action|Thriller	Blown Away	1994	Stephen Hopkins	Jeff Bridges, Tommy Lee Jones	6.2	0
250	426	Horror|Sci-Fi|Thriller	Body Snatchers	1993	Abel Ferrara	Terry Kinney, Meg Tilly	5.9	0
254	427	Mystery|Romance|Thriller	Boxing Helena	1993	Jennifer Chambers Lynch	Julian Sands, Sherilyn Fenn	4.5	0
257	434	Action|Adventure|Crime	Cliffhanger	1993	Renny Harlin	Sylvester Stallone, John Lithgow	6.4	0
264	442	Action|Sci-Fi	Demolition Man	1993	Marco Brambilla	Sylvester Stallone, Wesley Snipes	6.6	0
270	450	Comedy|Drama	With Honors	1994	Alek Keshishian	Joe Pesci, Brendan Fraser	6.7	0
279	464	Action|Adventure|Crime|Thriller	Hard Target	1993	John Woo	Chuck Pfarrer, Robert Apisa	6.1	0
281	472	Comedy|Drama	I'll Do Anything	1994	James L. Brooks	Nick Nolte, Whittni Wright	5.6	0
283	474	Action|Thriller	In the Line of Fire	1993	Wolfgang Petersen	Clint Eastwood, John Malkovich	7.2	0
286	479	Action	Judgment Night	1993	Stephen Hopkins	Emilio Estevez, Cuba Gooding Jr.	6.6	0
287	480	Action|Adventure|Sci-Fi	Jurassic Park	1993	Steven Spielberg	Sam Neill, Laura Dern	8.1	0
294	496	Comedy|Drama|Romance	What Happened Was...	1994	Tom Noonan	Karen Sillas, Tom Noonan	7.1	0
295	494	Action|Thriller	Executive Decision	1996	Stuart Baird	Kurt Russell, Steven Seagal	6.4	0
306	516	Comedy|Drama|War	Renaissance Man	1994	Penny Marshall	Danny DeVito, Gregory Hines	6.1	0
309	521	Crime|Thriller	Romeo Is Bleeding	1993	Peter Medak	Gary Oldman, Wallace Wood	6.6	0
320	540	Thriller	Sliver	1993	Phillip Noyce	Sharon Stone, William Baldwin	4.9	0
323	541	Film-Noir|Sci-Fi	Blade Runner	1982	Ridley Scott	Harrison Ford, Rutger Hauer	8.2	0
324	544	Action	Striking Distance	1993	Rowdy Herrington	Bruce Willis, Sarah Jessica Parker	5.8	0
325	546	Action|Adventure|Children's|Sci-Fi	Super Mario Bros.	1993	Annabel Jankel,Rocky Morton	Bob Hoskins, John Leguizamo	4.0	0
327	547	Action|Adventure|Thriller	Surviving the Game	1994	Ernest R. Dickerson	Ice-T, Rutger Hauer	6.1	0
329	553	Western	Tombstone	1993	George P. Cosmatos,Kevin Jarre	Kurt Russell, Val Kilmer	7.8	0
330	548	Action	Terminal Velocity	1994	Deran Sarafian	Charlie Sheen, Nastassja Kinski	5.4	0
331	555	Action|Crime|Romance	True Romance	1993	Tony Scott	Christian Slater, Patricia Arquette	8.0	0
332	554	Thriller	Trial by Jury	1994	Heywood Gould	Joanne Whalley, Armand Assante	5.3	0
334	562	Comedy|Drama	Welcome to the Dollhouse	1995	Todd Solondz	Heather Matarazzo, Victoria Davis	7.5	0
336	561	Thriller	Killer	1994	Mark Malone	Anthony LaPaglia, Mimi Rogers	6.1	0
339	568	Comedy|Drama	Bhaji on the Beach	1993	Gurinder Chadha	Kim Vithana, Jimmi Harkishin	6.5	0
341	574	Comedy|Drama	Spanking the Monkey	1994	David O. Russell	Jeremy Davies, Elizabeth Newett	6.3	0
349	594	Animation|Children's|Musical	Snow White and the Seven Dwarfs	1937	William Cottrell,David Hand	Roy Atwell, Stuart Buchanan	7.7	0
350	596	Animation|Children's	Pinocchio	1940	Norman Ferguson,T. Hee	Mel Blanc, Don Brodie	7.5	0
354	606	Horror	Candyman: Farewell to the Flesh	1995	Bill Condon	Tony Todd, Kelly Rowan	5.2	0
355	611	Action|Horror|Sci-Fi	Hellraiser: Bloodline	1996	Kevin Yagher	Bruce Ramsay, Valentina Vargas	5.0	0
356	609	Adventure|Children's	Homeward Bound II: Lost in San Francisco	1996	David R. Ellis	Michael J. Fox, Sally Field	5.9	0
362	632	War	Land and Freedom	1995	Ken Loach	Ian Hart, Rosana Pastor	7.6	0
373	648	Action|Adventure|Mystery	Mission: Impossible	1996	Brian De Palma	Tom Cruise, Jon Voight	7.1	0
377	659	Crime|Thriller	Purple Noon	1960	Ren Clment	Alain Delon, Maurice Ronet	7.8	0
379	661	Animation|Children's|Musical	James and the Giant Peach	1996	Henry Selick	Simon Callow, Richard Dreyfuss	6.7	0
384	674	Adventure|Sci-Fi	Barbarella	1968	Roger Vadim	Jane Fonda, John Phillip Law	5.9	0
386	680	Sci-Fi	Alphaville	1965	Jean-Luc Godard	Eddie Constantine, Anna Karina	7.2	0
393	696	Thriller	Butterfly Kiss	1995	Michael Winterbottom	Amanda Plummer, Kathy Jamieson	6.4	0
399	707	Crime|Film-Noir|Thriller	Mulholland Falls	1996	Lee Tamahori	Nick Nolte, Melanie Griffith	6.2	0
401	1951	Musical	Oliver!	1968	Carol Reed	Ron Moody, Shani Wallis	7.5	0
403	711	Adventure|Children's	Flipper	1996	Alan Shapiro	Elijah Wood, Paul Hogan	5.2	0
406	714	Western	Dead Man	1995	Jim Jarmusch	Johnny Depp, Gary Farmer	7.7	0
407	716	Crime	Switchblade Sisters	1975	Jack Hill	Robbie Lee, Joanne Nail	6.7	0
412	731	Mystery|Thriller	Heaven's Prisoners	1996	Phil Joanou	Alec Baldwin, Kelly Lynch	5.7	0
413	732	Crime	Original Gangstas	1996	Larry Cohen,Fred Williamson	Fred Williamson, Jim Brown	5.7	0
414	736	Action|Adventure|Romance|Thriller	Twister	1996	Jan de Bont	Helen Hunt, Bill Paxton	6.3	0
415	737	Action|Sci-Fi	Barb Wire	1996	David Hogan	Amir Aboulela, Adriana Alexander	3.2	0
417	741	Animation|Sci-Fi	Ghost in the Shell	1995	Mamoru Oshii	Atsuko Tanaka, Akio tsuka	8.0	0
418	742	Horror|Thriller	Thinner	1996	Tom Holland	Robert John Burke, Lucinda Jenney	5.7	0
419	746	Film-Noir	Force of Evil	1948	Abraham Polonsky	John Garfield, Thomas Gomez	7.4	0
423	754	Adventure|Children's	Gold Diggers: The Secret of Bear Mountain	1995	Kevin James Dobson	Christina Ricci, Anna Chlumsky	6.0	0
425	759	Documentary	Maya Lin: A Strong Clear Vision	1994	Freida Lee Mock	Maya Lin	7.5	0
428	769	Documentary	Marlene Dietrich: Shadow and Light	1996	Chris Hunt	Marlene Dietrich, Maria Riva	7.2	0
431	775	Horror	Spirits of the Dead	1968	Federico Fellini,Louis Malle	Brigitte Bardot, Alain Delon	6.7	0
433	776	Comedy|Drama	Babyfever	1994	Victoria Foyt,Henry Jaglom	Victoria Foyt, Matt Salinger	5.5	0
434	777	War	Pharaoh's Army	1995	Robby Henson	Chris Cooper, Patricia Clarkson	7.0	0
436	780	Action|Sci-Fi|War	Independence Day	1996	Roland Emmerich	Will Smith, Bill Pullman	6.9	0
440	786	Action|Thriller	Eraser	1996	Chuck Russell	Arnold Schwarzenegger, James Caan	6.1	0
442	794	Comedy|Drama	Midnight Dancers	1994	Mel Chionglo	Alex Del Rosario, Gandong Cervantes	5.7	0
444	798	Action|Adventure|Thriller	Daylight	1996	Rob Cohen	Sylvester Stallone, Amy Brenneman	5.8	0
447	803	Romance	Walking and Talking	1996	Nicole Holofcener	Amy Braverman, Miranda Rhyne	6.8	0
449	808	Adventure|Children's	Alaska	1996	Fraser Clarke Heston	Thora Birch, Vincent Kartheiser	5.7	0
451	809	Action|Adventure	Fled	1996	Kevin Hooks	Laurence Fishburne, Stephen Baldwin	5.3	0
456	819	Comedy|Drama	Stefano Quantestorie	1993	Maurizio Nichetti	Maurizio Nichetti, Elena Sofia Ricci	6.7	0
466	836	Action|Adventure|Thriller	Chain Reaction	1996	Andrew Davis	Keanu Reeves, Morgan Freeman	5.6	0
470	849	Action|Adventure|Sci-Fi|Thriller	Escape from L.A.	1996	John Carpenter	Kurt Russell, Steve Buscemi	5.7	0
476	869	Crime	Kansas City	1996	Robert Altman	Jennifer Jason Leigh, Miranda Richardson	6.3	0
482	886	Action	Bulletproof	1996	Ernest R. Dickerson	Damon Wayans, Adam Sandler	5.8	0
485	890	Thriller	Baton Rouge	1988	Rafael Monlen	Victoria Abril, Carmen Maura	6.5	0
486	891	Horror|Thriller	Halloween: The Curse of Michael Myers	1995	Joe Chappelle	Donald Pleasence, Paul Rudd	4.9	0
490	894	Romance	Liebelei	1933	Max Ophls	Paul Hrbiger, Magda Schneider	7.7	0
491	899	Musical|Romance	Singin' in the Rain	1952	Stanley Donen,Gene Kelly	Gene Kelly, Donald O'Connor	8.3	0
492	897	Adventure|War	For Whom the Bell Tolls	1943	Sam Wood	Gary Cooper, Ingrid Bergman	7.0	0
494	904	Mystery|Thriller	Rear Window	1954	Alfred Hitchcock	James Stewart, Grace Kelly	8.5	0
495	903	Mystery|Thriller	Vertigo	1958	Alfred Hitchcock	James Stewart, Kim Novak	8.4	0
498	906	Mystery|Thriller	Gaslight	1944	George Cukor	Charles Boyer, Ingrid Bergman	7.9	0
503	914	Musical|Romance	My Fair Lady	1964	George Cukor	Audrey Hepburn, Rex Harrison	7.9	0
505	918	Musical	Meet Me in St. Louis	1944	Vincente Minnelli	Judy Garland, Margaret O'Brien	7.7	0
510	925	Adventure|Romance	Golden Earrings	1947	Mitchell Leisen	Ray Milland, Marlene Dietrich	6.7	0
511	929	Thriller	Foreign Correspondent	1940	Alfred Hitchcock	Joel McCrea, Laraine Day	7.6	0
512	931	Mystery|Romance|Thriller	Spellbound	1945	Alfred Hitchcock	Ingrid Bergman, Gregory Peck	7.6	0
513	930	Film-Noir|Romance|Thriller	Notorious	1946	Alfred Hitchcock	Cary Grant, Ingrid Bergman	8.1	0
517	938	Musical	Gigi	1958	Vincente Minnelli	Leslie Caron, Maurice Chevalier	6.9	0
518	942	Crime|Film-Noir|Mystery	Laura	1944	Otto Preminger	Gene Tierney, Dana Andrews	8.1	0
533	964	Western	Angel and the Badman	1947	James Edward Grant	John Wayne, Gail Russell	7.0	0
534	968	Horror|Sci-Fi	Night of the Living Dead	1968	George A. Romero	Duane Jones, Judith O'Dea	8.0	0
538	977	Mystery	Moonlight Murder	1936	Edwin L. Marin	Chester Morris, Madge Evans	5.9	0
541	983	Romance	Madagascar Skin	1995	Chris Newby	Bernard Hill, John Hannah	6.4	0
543	986	Adventure|Children's	Fly Away Home	1996	Carroll Ballard	Jeff Daniels, Anna Paquin	6.8	0
544	990	Action|Adventure|Thriller	Maximum Risk	1996	Ringo Lam	Jean-Claude Van Damme, Natasha Henstridge	5.4	0
545	988	Comedy|Drama	Grace of My Heart	1996	Allison Anders	Illeana Douglas, Sissy Boyd	6.7	0
547	998	Action|Crime	Set It Off	1996	F. Gary Gray	Jada Pinkett Smith, Queen Latifah	6.8	0
550	1000	Crime	Curdled	1996	Reb Braddock	William Baldwin, Angela Jones	5.9	0
553	1009	Adventure|Children's|Fantasy	Escape to Witch Mountain	1975	John Hough	Eddie Albert, Ray Milland	6.4	0
555	1014	Children's|Comedy|Drama	Pollyanna	1960	David Swift	Hayley Mills, Jane Wyman	7.3	0
556	1015	Adventure|Children's	Homeward Bound: The Incredible Journey	1993	Duwayne Dunham	Don Alder, Ed Bernard	6.9	0
557	1017	Adventure|Children's	Swiss Family Robinson	1960	Ken Annakin	John Mills, Dorothy McGuire	7.2	0
562	1023	Animation|Children's	Winnie the Pooh and the Blustery Day	1968	Wolfgang Reitherman	Sebastian Cabot, Sterling Holloway	8.0	0
564	1029	Animation|Children's|Musical	Dumbo	1941	Samuel Armstrong,Norman Ferguson	James Baskett, Herman Bing	7.3	0
565	1031	Adventure|Children's|Musical	Bedknobs and Broomsticks	1971	Robert Stevenson	Angela Lansbury, David Tomlinson	7.0	0
566	1034	Crime	Freeway	1996	Matthew Bright	Kiefer Sutherland, Reese Witherspoon	6.9	0
567	1039	Documentary	Synthetic Pleasures	1995	Iara Lee	Scott Bakatman, John Perry Barlow	6.6	0
570	1045	Comedy|Drama	Love Is All There Is	1996	Joseph Bologna,Rene Taylor	Lainie Kazan, Joseph Bologna	5.1	0
575	1055	Thriller	Shadow Conspiracy	1997	George P. Cosmatos	Charlie Sheen, Donald Sutherland	4.9	0
577	1060	Comedy|Drama	Swingers	1996	Doug Liman	Jon Favreau, Vince Vaughn	7.4	0
582	1068	Crime|Film-Noir	Crossfire	1947	Edward Dmytryk	Robert Young, Robert Mitchum	7.4	0
583	1070	Adventure	Macao	1952	Josef von Sternberg,Nicholas Ray	Robert Mitchum, Jane Russell	6.7	0
587	1086	Mystery|Thriller	Dial M for Murder	1954	Alfred Hitchcock	Ray Milland, Grace Kelly	8.2	0
588	1088	Musical|Romance	Dirty Dancing	1987	Emile Ardolino	Jennifer Grey, Patrick Swayze	6.9	0
589	1089	Crime|Thriller	Reservoir Dogs	1992	Quentin Tarantino	Harvey Keitel, Tim Roth	8.4	0
591	1092	Mystery|Thriller	Basic Instinct	1992	Paul Verhoeven	Michael Douglas, Sharon Stone	6.9	0
596	1100	Action|Romance	Days of Thunder	1990	Tony Scott	Tom Cruise, Nicole Kidman	5.9	0
597	1101	Action|Romance	Top Gun	1986	Tony Scott	Tom Cruise, Kelly McGillis	6.9	0
599	1102	Action	American Strays	1996	Michael Covert	Scott Plank, Melora Walters	5.4	0
601	1111	Documentary	Microcosmos	1996	Claude Nuridsany,Marie Prennou	Jacques Perrin, Kristin Scott Thomas	7.9	0
604	1129	Action|Adventure|Sci-Fi|Thriller	Escape from New York	1981	John Carpenter	Kurt Russell, Lee Van Cleef	7.2	0
607	1133	Comedy|Drama	Talking About Sex	1994	Aaron Speiser	Kim Wayans, Daniel Beer	6.1	0
609	1138	Documentary	Dadetown	1995	Russ Hexter	Jim Pryor, Stephen Beals	7.2	0
610	1137	Romance	Hustler White	1996	Rick Castro,Bruce La Bruce	Tony Ward, Bruce La Bruce	6.0	0
616	1147	Documentary	When We Were Kings	1996	Leon Gast	Muhammad Ali, George Foreman	8.0	0
617	1146	Comedy|Drama	Curtis's Charm	1995	John L'Ecuyer	Maurice Dean Wint, Callum Keith Rennie	5.2	0
618	1145	Documentary	Snowriders	1996	Kurt Miller,Peter Speek	Paul Miller, Warren Miller	7.7	0
619	1152	Crime|Film-Noir|Thriller	He Walked by Night	1948	Alfred L. Werker,Anthony Mann	Richard Basehart, Scott Brady	7.2	0
620	1153	Film-Noir	Raw Deal	1948	Anthony Mann	Dennis O'Keefe, Claire Trevor	7.4	0
621	1159	Romance	Love in Bloom	1935	Elliott Nugent	George Burns, Gracie Allen	6.1	0
624	1168	Horror	Bad Moon	1996	Eric Red	Mariel Hemingway, Michael Par	5.7	0
627	1172	Comedy|Drama|Romance	Cinema Paradiso	1988	Giuseppe Tornatore	Antonella Attili, Enzo Cannavale	8.5	0
636	1191	Documentary	Madonna: Truth or Dare	1991	Alek Keshishian	Madonna, Donna DeLory	6.1	0
637	1192	Documentary	Paris Is Burning	1990	Jennie Livingston	Andr Christian, Dorian Corey	8.1	0
641	1199	Sci-Fi	Brazil	1985	Terry Gilliam	Jonathan Pryce, Robert De Niro	8.0	0
642	1198	Action|Adventure	Raiders of the Lost Ark	1981	Steven Spielberg	Harrison Ford, Karen Allen	8.5	0
643	1200	Action|Sci-Fi|Thriller|War	Aliens	1986	James Cameron	Sigourney Weaver, Carrie Henn	8.4	0
644	1204	Adventure|War	Lawrence of Arabia	1962	David Lean	Peter O'Toole, Alec Guinness	8.4	0
645	1210	Action|Adventure|Romance|Sci-Fi|War	Star Wars: Episode VI - Return of the Jedi	1983	Richard Marquand	Mark Hamill, Harrison Ford	8.4	0
654	1232	Mystery|Sci-Fi	Stalker	1979	Andrei Tarkovsky	Alisa Freyndlikh, Aleksandr Kaydanovskiy	8.2	0
659	1248	Crime|Film-Noir|Thriller	Touch of Evil	1958	Orson Welles	Charlton Heston, Janet Leigh	8.1	0
662	1259	Adventure|Comedy|Drama	Stand by Me	1986	Rob Reiner	Wil Wheaton, River Phoenix	8.1	0
665	1266	Western	Unforgiven	1992	Clint Eastwood	Clint Eastwood, Gene Hackman	8.3	0
672	1273	Comedy|Drama	Down by Law	1986	Jim Jarmusch	Tom Waits, John Lurie	7.8	0
673	1275	Action|Adventure	Highlander	1986	Russell Mulcahy	Christopher Lambert, Roxanne Hart	7.2	0
674	1276	Comedy|Drama	Cool Hand Luke	1967	Stuart Rosenberg	Paul Newman, George Kennedy	8.2	0
676	1274	Adventure|Animation|Sci-Fi|Thriller	Akira	1988	Katsuhiro tomo	Mitsuo Iwata, Nozomu Sasaki	8.1	0
678	1279	Comedy|Drama	Night on Earth	1991	Jim Jarmusch	Gena Rowlands, Winona Ryder	7.8	0
680	1283	Western	High Noon	1952	Fred Zinnemann	Gary Cooper, Thomas Mitchell	8.1	0
681	1282	Animation|Children's|Musical	Fantasia	1940	Norman Ferguson,James Algar	Leopold Stokowski, Deems Taylor	7.8	0
684	1288	Comedy|Drama|Musical	This Is Spinal Tap	1984	Rob Reiner	Rob Reiner, Kimberly Stringer	8.0	0
686	1291	Action|Adventure	Indiana Jones and the Last Crusade	1989	Steven Spielberg	Harrison Ford, Sean Connery	8.3	0
690	1301	Sci-Fi	Forbidden Planet	1956	Fred M. Wilcox	Walter Pidgeon, Anne Francis	7.7	0
700	1313	Crime	Mad Dog Time	1996	Larry Bishop	Ellen Barkin, Gabriel Byrne	5.5	0
701	1318	Comedy|Drama	Blue Juice	1995	Carl Prechezer	Sean Pertwee, Catherine Zeta-Jones	5.3	0
703	1325	Horror	Amityville: A New Generation	1993	John Murlowski	Ross Partridge, Julia Nickson	3.6	0
704	1326	Horror	Amityville II: The Possession	1982	Damiano Damiani	James Olson, Burt Young	5.4	0
706	1331	Horror	Audrey Rose	1977	Robert Wise	Marsha Mason, Anthony Hopkins	5.9	0
707	1336	Horror	Body Parts	1991	Eric Red	Jeff Fahey, Lindsay Duncan	5.5	0
708	1342	Horror	Candyman	1992	Bernard Rose	Virginia Madsen, Tony Todd	6.5	0
709	1343	Thriller	Cape Fear	1991	Martin Scorsese	Robert De Niro, Nick Nolte	7.3	0
710	1340	Horror	Bride of Frankenstein	1935	James Whale	Boris Karloff, Colin Clive	7.9	0
711	1341	Horror	Burnt Offerings	1976	Dan Curtis	Karen Black, Oliver Reed	6.5	0
712	1344	Film-Noir|Thriller	Cape Fear	1962	J. Lee Thompson	Gregory Peck, Robert Mitchum	7.8	0
713	1345	Horror	Carrie	1976	Brian De Palma	Sissy Spacek, Piper Laurie	7.4	0
714	1346	Horror	Cat People	1982	Paul Schrader	Nastassja Kinski, Malcolm McDowell	6.1	0
716	1356	Action|Adventure|Sci-Fi	Star Trek: First Contact	1996	Jonathan Frakes	Patrick Stewart, Jonathan Frakes	7.6	0
717	1352	Crime|Thriller	Albino Alligator	1996	Kevin Spacey	Matt Dillon, Faye Dunaway	6.1	0
718	1355	Horror|Thriller	Nightwatch	1997	Ole Bornedal	Ewan McGregor, Patricia Arquette	6.2	0
721	1361	Documentary	Paradise Lost: The Child Murders at Robin Hood Hills	1996	Joe Berlinger,Bruce Sinofsky	Tony Brooks, Diana Davis	8.4	0
724	1371	Action|Adventure|Sci-Fi	Star Trek: The Motion Picture	1979	Robert Wise	William Shatner, Leonard Nimoy	6.4	0
726	1373	Action|Adventure|Sci-Fi	Star Trek V: The Final Frontier	1989	William Shatner	William Shatner, Leonard Nimoy	5.4	0
727	1372	Action|Adventure|Sci-Fi	Star Trek VI: The Undiscovered Country	1991	Nicholas Meyer	William Shatner, Leonard Nimoy	7.2	0
728	1376	Action|Adventure|Sci-Fi	Star Trek IV: The Voyage Home	1986	Leonard Nimoy	William Shatner, Leonard Nimoy	7.3	0
732	1375	Action|Adventure|Sci-Fi	Star Trek III: The Search for Spock	1984	Leonard Nimoy	William Shatner, Leonard Nimoy	6.6	0
734	1385	Action	Under Siege	1992	Andrew Davis	Steven Seagal, Damian Chapa	6.4	0
735	1383	Action|Sci-Fi	Adrenalin: Fear the Rush	1996	Albert Pyun	Christopher Lambert, Natasha Henstridge	3.9	0
737	1386	Western	Terror in a Texas Town	1958	Joseph H. Lewis	Sterling Hayden, Sebastian Cabot	6.9	0
739	1392	Comedy|Drama	Citizen Ruth	1996	Alexander Payne	Laura Dern, Swoosie Kurtz	7.0	0
744	1395	Comedy|Drama	Tin Men	1987	Barry Levinson	Richard Dreyfuss, Danny DeVito	6.5	0
745	1398	Romance|War	In Love and War	1996	Richard Attenborough	Mackenzie Astin, Chris O'Donnell	6.0	0
749	1407	Horror|Thriller	Scream	1996	Wes Craven	Drew Barrymore, Roger Jackson	7.2	0
755	1426	Children's	Zeus and Roxanne	1997	George Miller	Steve Guttenberg, Kathleen Quinlan	5.2	0
757	1427	Thriller	Turbulence	1997	Robert Butler	Ray Liotta, Lauren Holly	4.7	0
762	1438	Action|Thriller	Dante's Peak	1997	Roger Donaldson	Pierce Brosnan, Linda Hamilton	5.8	0
765	1447	Crime	Gridlock'd	1997	Vondie Curtis-Hall	Tupac Shakur, Tim Roth	7.0	0
769	1459	Mystery|Thriller	Absolute Power	1997	Clint Eastwood	Clint Eastwood, Gene Hackman	6.7	0
772	1462	Documentary	Unforgotten: Twenty-Five Years After Willowbrook	1996	Jack Fisher	Danny Aiello, Geraldo Rivera	6.4	0
774	1464	Mystery	Lost Highway	1997	David Lynch	Bill Pullman, Patricia Arquette	7.6	0
777	1475	Romance	Kama Sutra: A Tale of Love	1996	Mira Nair	Indira Varma, Sarita Choudhury	6.0	0
778	1472	Crime|Thriller	City of Industry	1997	John Irvin	Harvey Keitel, Stephen Dorff	6.2	0
779	1476	Comedy|Drama	Private Parts	1997	Betty Thomas	Howard Stern, Robin Quivers	6.8	0
780	1477	Romance	Love Jones	1997	Theodore Witcher	Larenz Tate, Nia Long	7.4	0
785	1489	Animation|Children's|Musical	Cats Don't Dance	1997	Mark Dindal	Scott Bakula, Jasmine Guy	6.9	0
786	1493	Romance	Love and Other Catastrophes	1996	Emma-Kate Croghan	Matt Day, Matthew Dyktynski	6.4	0
787	1495	Action|Adventure|Children's	Turbo: A Power Rangers Movie	1997	Shuki Levy,David Winning	Jon Simanton, Kai Doi	3.4	0
788	1499	Action|Adventure|Thriller	Anaconda	1997	Luis Llosa	Jennifer Lopez, Ice Cube	4.6	0
789	1497	Action	Double Team	1997	Hark Tsui	Jean-Claude Van Damme, Dennis Rodman	4.7	0
792	1501	Crime	Keys to Tulsa	1997	Leslie Greif	Eric Stoltz, James Spader	5.2	0
799	1514	Romance	Temptress Moon	1996	Chen Kaige	Leslie Cheung, Li Gong	6.9	0
802	1518	Action|Thriller	Breakdown	1997	Jonathan Mostow	Kurt Russell, J.T. Walsh	6.9	0
804	1525	Action|Adventure|Children's|Fantasy	Warriors of Virtue	1997	Ronny Yu	Angus Macfadyen, Mario Yedidia	4.6	0
812	1542	Comedy|Drama|Romance	Brassed Off	1996	Mark Herman	Pete Postlethwaite, Tara Fitzgerald	7.1	0
818	1552	Action|Adventure|Thriller	Con Air	1997	Simon West	Colm Meaney, Mykelti Williamson	6.8	0
826	1573	Action|Sci-Fi|Thriller	Face/Off	1997	John Woo	John Travolta, Nicolas Cage	7.3	0
827	1570	Sci-Fi	Tetsuo II: Body Hammer	1992	Shin'ya Tsukamoto	Tomorowo Taguchi, Shin'ya Tsukamoto	6.4	0
832	1582	Adventure|Children's	Wild America	1997	William Dear	Jonathan Taylor Thomas, Devon Sawa	6.3	0
837	1591	Action|Adventure|Sci-Fi|Thriller	Spawn	1997	Mark A.Z. Dipp	Michael Jai White, John Leguizamo	5.2	0
839	1590	Action|Mystery|Sci-Fi|Thriller	Event Horizon	1997	Paul W.S. Anderson	Laurence Fishburne, Sam Neill	6.7	0
843	1597	Action|Mystery|Romance|Thriller	Conspiracy Theory	1997	Richard Donner	Mel Gibson, Julia Roberts	6.7	0
844	1599	Action	Steel	1997	Kenneth Johnson	Shaquille O'Neal, Annabeth Gish	2.7	0
848	1603	Sci-Fi|Thriller	Mimic	1997	Guillermo del Toro	Mira Sorvino, Jeremy Northam	5.9	0
850	1608	Action|Thriller	Air Force One	1997	Wolfgang Petersen	Harrison Ford, Gary Oldman	6.4	0
851	1605	Adventure|Romance	Excess Baggage	1997	Marco Brambilla	Alicia Silverstone, Benicio Del Toro	5.2	0
852	1606	Action|Adventure	Kull the Conqueror	1997	John Nicolella	Kevin Sorbo, Tia Carrere	4.8	0
855	1617	Crime|Film-Noir|Mystery|Thriller	L.A. Confidential	1997	Curtis Hanson	Kevin Spacey, Russell Crowe	8.3	0
859	1623	Horror	Wishmaster	1997	Robert Kurtzman	Tammy Lauren, Andrew Divoff	5.7	0
860	1627	Action|Crime|Mystery	U Turn	1997	Oliver Stone	Sean Penn, Billy Bob Thornton	6.8	0
861	1622	Comedy|Drama	Kicked in the Head	1997	Matthew Harrison	Kevin Corrigan, Linda Fiorentino	3.7	0
865	1636	Action|Thriller	Stag	1997	Gavin Wilding	John Stockwell, Mario Van Peebles	5.6	0
867	1644	Horror|Mystery|Thriller	I Know What You Did Last Summer	1997	Jim Gillespie	Jennifer Love Hewitt, Sarah Michelle Gellar	5.6	0
868	1647	Crime|Thriller	Playing God	1997	Andy Wilson	David Duchovny, Timothy Hutton	5.6	0
869	1655	Horror	Phantoms	1998	Joe Chappelle	Peter O'Toole, Rose McGowan	5.4	0
873	1652	Documentary	Year of the Horse	1997	Jim Jarmusch	Ralph Molina, Frank 'Pancho' Sampedro	6.6	0
876	1661	Thriller	Switchback	1997	Jeb Stuart	Claudia Stedelin, Ian Nelson	6.4	0
880	1666	Romance	Hugo Pool	1997	Robert Downey Sr.	Alyssa Milano, Mark Boone Junior	5.2	0
881	1675	Crime|Thriller	Incognito	1997	John Badham	Jason Patric, Irne Jacob	6.6	0
882	1671	Crime	Deceiver	1997	Jonas Pate,Josh Pate	Tim Roth, Chris Penn	6.7	0
884	1676	Action|Adventure|Sci-Fi|War	Starship Troopers	1997	Paul Verhoeven	Casper Van Dien, Dina Meyer	7.2	0
888	1681	Action|Adventure	Mortal Kombat: Annihilation	1997	John R. Leonetti	Robin Shou, Talisa Soto	3.7	0
889	1688	Animation|Children's|Musical	Anastasia	1997	Don Bluth,Gary Goldman	Meg Ryan, John Cusack	7.1	0
890	1686	Crime|Thriller	Red Corner	1997	Jon Avnet	Richard Gere, Bai Ling	6.2	0
891	1690	Action|Horror|Sci-Fi	Alien: Resurrection	1997	Jean-Pierre Jeunet	Sigourney Weaver, Winona Ryder	6.3	0
894	1701	Comedy|Drama	Deconstructing Harry	1997	Woody Allen	Judy Davis, Julia Louis-Dreyfus	7.4	0
898	1709	Thriller	Legal Deceit	1997	Monika Harris	Lela Rochon, Jeffrey Dean Morgan	3.8	0
900	1711	Comedy|Crime|Drama|Mystery	Midnight in the Garden of Good and Evil	1997	Clint Eastwood	John Cusack, Kevin Spacey	6.6	0
901	1715	Thriller	Office Killer	1997	Cindy Sherman	Carol Kane, Molly Ringwald	4.9	0
902	1714	Romance	Never Met Picasso	1996	Stephen Kijak	Alexis Arquette, Georgia Ragsdale	6.0	0
903	1722	Action|Romance|Thriller	Tomorrow Never Dies	1997	Roger Spottiswoode	Pierce Brosnan, Jonathan Pryce	6.5	0
910	1742	Crime	Caught Up	1998	Darin Scott	Bokeem Woodbine, Damon Saleem	5.4	0
911	1744	Action|Adventure|Thriller	Firestorm	1998	Dean Semler	Howie Long, Scott Glenn	4.6	0
912	1747	Comedy|Drama	Wag the Dog	1997	Barry Levinson	Dustin Hoffman, Robert De Niro	7.1	0
913	1748	Film-Noir|Sci-Fi|Thriller	Dark City	1998	Alex Proyas	Rufus Sewell, William Hurt	7.7	0
915	1750	Adventure|Children's|Fantasy|Sci-Fi	Star Kid	1997	Manny Coto	Joseph Mazzello, Richard Gilliland	5.4	0
917	1754	Action|Mystery|Thriller	Fallen	1998	Gregory Hoblit	Denzel Washington, John Goodman	7.0	0
918	1752	Action|Thriller	Hard Rain	1998	Mikael Salomon	Morgan Freeman, Christian Slater	5.8	0
919	1755	Romance	Shooting Fish	1997	Stefan Schwartz	Rowena Cooper, Scott Charles	6.6	0
921	1762	Action|Horror|Sci-Fi	Deep Rising	1998	Stephen Sommers	Treat Williams, Famke Janssen	6.0	0
924	1770	Romance|Thriller	B. Monkey	1998	Michael Radford	Asia Argento, Jared Harris	6.0	0
926	1774	Comedy|Drama	Mass Transit	1998	Kevin Goetz,Michael Goetz		7.0	0
927	1780	Documentary	Ayn Rand: A Sense of Life	1997	Michael Paxton	Sharon Gless, Michael S. Berliner	6.8	0
928	1783	Film-Noir|Mystery|Thriller	Palmetto	1998	Volker Schlndorff	Woody Harrelson, Elisabeth Shue	6.0	0
929	1785	Action|Crime	King of New York	1990	Abel Ferrara	Christopher Walken, David Caruso	7.0	0
931	1794	Comedy|Drama	Love and Death on Long Island	1997	Richard Kwietniowski	John Hurt, Jason Priestley	7.1	0
932	1798	Thriller	Hush	1998	Jonathan Darby	Jessica Lange, Gwyneth Paltrow	5.2	0
936	1812	Children's|Comedy|Drama	Wide Awake	1998	M. Night Shyamalan	Joseph Cross, Timothy Reifsnyder	6.2	0
938	1816	Comedy|Drama	Two Girls and a Guy	1997	James Toback	Natasha Gregson Wagner, Heather Graham	5.6	0
939	1817	Comedy|Drama|Romance	No Looking Back	1998	Edward Burns	Lauren Holly, Kevin Heffernan	5.9	0
940	1826	Adventure|Children's	Barney's Great Adventure	1998	Steve Gomer	Alan Fawcett, Jane Wheeler	2.8	0
946	1835	Romance	City of Angels	1998	Brad Silberling	Nicolas Cage, Meg Ryan	6.7	0
960	1862	Horror|Sci-Fi	Species II	1998	Peter Medak	Michael Madsen, Natasha Henstridge	4.3	0
964	1867	Action|Adventure	Tarzan and the Lost City	1998	Carl Schenkel	Casper Van Dien, Jane March	3.9	0
965	1869	Action|Thriller	Black Dog	1998	Kevin Hooks	Patrick Swayze, Meat Loaf	5.3	0
973	1881	Adventure|Animation|Children's|Fantasy	Quest for Camelot	1998	Frederik Du Chau	Jessalyn Gilsig, Andrea Corr	6.2	0
974	1884	Comedy|Drama	Fear and Loathing in Las Vegas	1998	Terry Gilliam	Johnny Depp, Benicio Del Toro	7.7	0
977	1888	Comedy|Drama|Romance	Hope Floats	1998	Forest Whitaker	Sandra Bullock, Harry Connick Jr.	5.9	0
978	1889	Thriller	Insomnia	1997	Erik Skjoldbjrg	Maria Mathiesen, Stellan Skarsgrd	7.3	0
982	1895	Comedy|Drama|Romance	Can't Hardly Wait	1998	Harry Elfont,Deborah Kaplan	Jennifer Love Hewitt, Ethan Embry	6.5	0
986	1904	Comedy|Drama	Henry Fool	1997	Hal Hartley	Thomas Jay Ryan, James Urbaniak	7.4	0
987	1907	Animation|Children's	Mulan	1998	Tony Bancroft,Barry Cook	Ming-Na Wen, Lea Salonga	7.5	0
991	2135	Adventure|Musical	Doctor Dolittle	1967	Richard Fleischer	Rex Harrison, Samantha Eggar	6.2	0
994	1912	Action|Crime|Romance	Out of Sight	1998	Steven Soderbergh	George Clooney, Jennifer Lopez	7.1	0
995	1914	Comedy|Drama	Smoke Signals	1998	Chris Eyre	Adam Beach, Evan Adams	7.2	0
997	1920	Animation|Children's|Fantasy|War	Small Soldiers	1998	Joe Dante	David Cross, Jay Mohr	6.1	0
1000	1927	War	All Quiet on the Western Front	1930	Lewis Milestone	Louis Wolheim, Lew Ayres	8.1	0
1002	1928	Western	Cimarron	1931	Wesley Ruggles	Richard Dix, Irene Dunne	6.0	0
1012	1947	Musical|Romance	West Side Story	1961	Jerome Robbins,Robert Wise	Natalie Wood, Richard Beymer	7.6	0
1019	1958	Comedy|Drama	Terms of Endearment	1983	James L. Brooks	Shirley MacLaine, Debra Winger	7.4	0
1027	1973	Horror	Freddy's Dead: The Final Nightmare	1991	Rachel Talalay	Robert Englund, Lisa Zane	4.9	0
1028	1987	Horror	Prom Night	1980	Paul Lynch	Leslie Nielsen, Jamie Lee Curtis	5.4	0
1029	1991	Horror	Child's Play	1988	Tom Holland	Catherine Hicks, Chris Sarandon	6.5	0
1030	1995	Horror|Thriller	Poltergeist II: The Other Side	1986	Brian Gibson	JoBeth Williams, Craig T. Nelson	5.7	0
1031	1996	Horror|Thriller	Poltergeist III	1988	Gary Sherman	Tom Skerritt, Nancy Allen	4.5	0
1032	1998	Horror	Exorcist II: The Heretic	1977	John Boorman	Linda Blair, Richard Burton	3.7	0
1033	2000	Action|Comedy|Crime|Drama	Lethal Weapon	1987	Richard Donner	Mel Gibson, Danny Glover	7.6	0
1036	2009	Sci-Fi|Thriller	Soylent Green	1973	Richard Fleischer	Charlton Heston, Leigh Taylor-Young	7.1	0
1039	2018	Animation|Children's	Bambi	1942	James Algar,Samuel Armstrong	Hardie Albright, Stan Alexander	7.4	0
1040	2021	Fantasy|Sci-Fi	Dune	1984	David Lynch	Francesca Annis, Leonardo Cimino	6.6	0
1042	2026	Horror|Thriller	Disturbing Behavior	1998	David Nutter	James Marsden, Katie Holmes	5.5	0
1047	2039	Adventure|Children's	Cheetah	1989	Jeff Blyth	Keith Coogan, Lucy Deakins	6.1	0
1049	2043	Adventure|Children's|Fantasy	Darby O'Gill and the Little People	1959	Robert Stevenson	Albert Sharpe, Janet Munro	7.2	0
1051	2046	Adventure|Children's|Sci-Fi	Flight of the Navigator	1986	Randal Kleiser	Joey Cramer, Paul Reubens	6.9	0
1057	2056	Adventure|Children's	In Search of the Castaways	1962	Robert Stevenson	Maurice Chevalier, Hayley Mills	6.7	0
1058	2061	Documentary	Full Tilt Boogie	1997	Sarah Kelly	Rick Stribling, Ken Bondy	6.5	0
1059	2066	Film-Noir	Out of the Past	1947	Jacques Tourneur	Robert Mitchum, Jane Greer	8.1	0
1068	2099	Adventure|Animation|Children's|Musical	Song of the South	1946	Wilfred Jackson,Harve Foster	Ruth Warrick, Bobby Driscoll	7.4	0
1076	2097	Children's|Horror	Something Wicked This Way Comes	1983	Jack Clayton	Jason Robards, Jonathan Pryce	6.8	0
1080	2113	Horror|Thriller	Graveyard Shift	1990	Ralph S. Singleton	David Andrews, Kelly Wolf	4.7	0
1081	2115	Action|Adventure	Indiana Jones and the Temple of Doom	1984	Steven Spielberg	Harrison Ford, Kate Capshaw	7.6	0
1083	2123	Animation|Children's	All Dogs Go to Heaven	1989	Don Bluth,Gary Goldman	Burt Reynolds, Dom DeLuise	6.7	0
1084	2119	Horror	Maximum Overdrive	1986	Stephen King	Emilio Estevez, Pat Hingle	5.4	0
1094	2122	Horror|Thriller	Children of the Corn	1984	Fritz Kiersch	Peter Horton, Linda Hamilton	5.6	0
1095	2126	Action|Crime|Mystery|Thriller	Snake Eyes	1998	Brian De Palma	Nicolas Cage, Gary Sinise	5.9	0
1096	2121	Horror|Thriller	Cujo	1983	Lewis Teague	Dee Wallace, Danny Pintauro	6.0	0
1099	2145	Comedy|Drama|Romance	Pretty in Pink	1986	Howard Deutch	Molly Ringwald, Harry Dean Stanton	6.7	0
1102	2160	Horror|Thriller	Rosemary's Baby	1968	Roman Polanski	Mia Farrow, John Cassavetes	8.0	0
1103	2167	Action|Adventure|Horror	Blade	1998	Stephen Norrington	Wesley Snipes, Stephen Dorff	7.1	0
1108	2178	Thriller	Frenzy	1972	Alfred Hitchcock	Jon Finch, Alec McCowen	7.5	0
1110	2179	Thriller	Topaz	1969	Alfred Hitchcock	Frederick Stafford, Dany Robin	6.3	0
1111	2180	Thriller	Torn Curtain	1966	Alfred Hitchcock	Paul Newman, Julie Andrews	6.7	0
1112	2181	Thriller	Marnie	1964	Alfred Hitchcock	Tippi Hedren, Sean Connery	7.2	0
1113	2185	Thriller	I Confess	1953	Alfred Hitchcock	Montgomery Clift, Anne Baxter	7.3	0
1116	2196	Action	Knock Off	1998	Hark Tsui	Jean-Claude Van Damme, Rob Schneider	4.7	0
1117	2186	Film-Noir|Thriller	Strangers on a Train	1951	Alfred Hitchcock	Farley Granger, Ruth Roman	8.1	0
1119	2198	Documentary	Modulations	1998	Iara Lee	Arthur Baker, Afrika Bambaataa	7.1	0
1122	2206	Mystery|Thriller	Suspicion	1941	Alfred Hitchcock	Cary Grant, Joan Fontaine	7.5	0
1123	2203	Film-Noir|Thriller	Shadow of a Doubt	1943	Alfred Hitchcock	Teresa Wright, Joseph Cotten	8.0	0
1125	2210	Thriller	Sabotage	1936	Alfred Hitchcock	Sylvia Sidney, Oskar Homolka	7.1	0
1126	2193	Action|Adventure|Fantasy	Willow	1988	Ron Howard	Val Kilmer, Joanne Whalley	7.3	0
1127	2204	Thriller	Saboteur	1942	Alfred Hitchcock	Priscilla Lane, Robert Cummings	7.2	0
1128	2221	Thriller	Blackmail	1929	Alfred Hitchcock	Anny Ondra, Sara Allgood	7.0	0
1133	2232	Sci-Fi|Thriller	Cube	1997	Vincenzo Natali	Nicole de Boer, Nicky Guadagni	7.3	0
1138	2243	Comedy|Drama|Romance	Broadcast News	1987	James L. Brooks	William Hurt, Albert Brooks	7.2	0
1141	2245	Comedy|Drama	Working Girl	1988	Mike Nichols	Harrison Ford, Sigourney Weaver	6.7	0
1143	2248	Comedy|Drama|Romance	Say Anything...	1989	Cameron Crowe	John Cusack, Ione Skye	7.4	0
1147	2256	Horror|Sci-Fi	Parasite	1982	Charles Band	Robert Glaudini, Demi Moore	3.5	0
1153	2267	Mystery|Thriller	Mortal Thoughts	1991	Alan Rudolph	Demi Moore, Glenne Headly	5.7	0
1154	2260	Action|Crime	Wisdom	1986	Emilio Estevez	Demi Moore, Emilio Estevez	5.7	0
1158	2275	Action|Adventure|Sci-Fi	Six-String Samurai	1998	Lance Mungia	Jeffrey Falcon, Justin McGuire	6.7	0
1159	2278	Action|Crime|Thriller	Ronin	1998	John Frankenheimer	Robert De Niro, Jean Reno	7.3	0
1160	2279	Horror|Thriller	Urban Legend	1998	Jamie Blanks	Jared Leto, Alicia Witt	5.5	0
1161	2281	Crime	Monument Ave.	1998	Ted Demme	Denis Leary, Ian Hart	6.7	0
1162	2280	Crime	Clay Pigeons	1998	David Dobkin	Joaquin Phoenix, Gregory Sporleder	6.6	0
1163	2273	Action|Thriller	Rush Hour	1998	Brett Ratner	Ken Leung, Jackie Chan	6.9	0
1164	2282	Comedy|Drama	Pecker	1998	John Waters	Edward Furlong, Christina Ricci	6.4	0
1169	2294	Animation|Children's	Antz	1998	Eric Darnell,Tim Johnson	Woody Allen, Dan Aykroyd	6.6	0
1170	2290	Comedy|Drama	Stardust Memories	1980	Woody Allen	Woody Allen, Charlotte Rampling	7.5	0
1173	2298	Thriller	Strangeland	1998	John Pieplow	Kevin Gage, Elizabeth Pea	4.9	0
1182	2315	Horror|Thriller	Bride of Chucky	1998	Ronny Yu	Jennifer Tilly, Brad Dourif	5.3	0
1186	2324	Comedy|Drama	Life Is Beautiful	1997	Roberto Benigni	Roberto Benigni, Nicoletta Braschi	8.6	0
1189	2327	Horror	Tales from the Darkside: The Movie	1990	John Harrison	Debbie Harry, David Forrester	6.2	0
1196	2338	Horror|Mystery|Thriller	I Still Know What You Did Last Summer	1998	Danny Cannon	Jennifer Love Hewitt, Freddie Prinze Jr.	4.6	0
1198	2340	Romance	Meet Joe Black	1998	Martin Brest	Brad Pitt, Anthony Hopkins	7.1	0
1206	2353	Action|Thriller	Enemy of the State	1998	Tony Scott	Will Smith, Gene Hackman	7.3	0
1211	2363	Action|Sci-Fi	Godzilla	1954	Ishir Honda	Akira Takarada, Momoko Kchi	7.5	0
1213	2368	Action|Adventure|Horror	King Kong Lives	1986	John Guillermin	Peter Elliott, George Antoni	3.7	0
1214	2366	Action|Adventure|Horror	King Kong	1933	Merian C. Cooper,Ernest B. Schoedsack	Fay Wray, Robert Armstrong	8.0	0
1215	2367	Action|Adventure|Horror	King Kong	1976	John Guillermin	Jeff Bridges, Charles Grodin	5.8	0
1218	2373	Action|Adventure	Red Sonja	1985	Richard Fleischer	Brigitte Nielsen, Arnold Schwarzenegger	5.0	0
1220	2374	Comedy|Drama	Gung Ho	1986	Ron Howard	Michael Keaton, Gedde Watanabe	6.2	0
1221	2377	Horror|Sci-Fi	Lifeforce	1985	Tobe Hooper	Steve Railsback, Peter Firth	6.1	0
1228	2392	Comedy|Drama	Jack Frost	1998	Troy Miller	Michael Keaton, Kelly Preston	5.2	0
1229	2393	Action|Sci-Fi	Star Trek: Insurrection	1998	Jonathan Frakes	Patrick Stewart, Jonathan Frakes	6.4	0
1233	2401	Western	Pale Rider	1985	Clint Eastwood	Clint Eastwood, Michael Moriarty	7.3	0
1235	2403	Action	First Blood	1982	Ted Kotcheff	Sylvester Stallone, Richard Crenna	7.7	0
1236	2404	Action|War	Rambo III	1988	Peter MacDonald	Sylvester Stallone, Richard Crenna	5.7	0
1237	2402	Action|War	Rambo: First Blood Part II	1985	George P. Cosmatos	Sylvester Stallone, Richard Crenna	6.4	0
1244	2414	Action|Adventure|Mystery	Young Sherlock Holmes	1985	Barry Levinson	Nicholas Rowe, Alan Cox	6.8	0
1247	2417	Comedy|Drama	Heartburn	1986	Mike Nichols	Meryl Streep, Jack Nicholson	6.0	0
1254	2431	Comedy|Drama	Patch Adams	1998	Tom Shadyac	Robin Williams, Daniel London	6.7	0
1265	2447	Comedy|Drama	Varsity Blues	1999	Brian Robbins	James Van Der Beek, Jon Voight	6.4	0
1266	2448	Horror|Sci-Fi	Virus	1999	John Bruno	Jamie Lee Curtis, William Baldwin	4.8	0
1267	2450	Adventure|Children's|Sci-Fi	Howard the Duck	1986	Willard Huyck	Lea Thompson, Jeffrey Jones	4.6	0
1268	2461	Horror	Leatherface: Texas Chainsaw Massacre III	1990	Jeff Burr	Kate Hodge, Ken Foree	5.1	0
1270	2465	Horror	Deadly Friend	1986	Wes Craven	Matthew Labyorteaux, Kristy Swanson	5.5	0
1272	2464	Horror	Trick or Treat	1986	Charles Martin Smith	Marc Price, Tony Fields	5.7	0
1279	2476	Action|War	Heartbreak Ridge	1986	Clint Eastwood	Clint Eastwood, Marsha Mason	6.8	0
1282	2477	Adventure	Firewalker	1986	J. Lee Thompson	Chuck Norris, Louis Gossett Jr.	4.9	0
1289	2490	Action|Thriller	Payback	1999	Brian Helgeland	Mel Gibson, Gregg Henry	7.1	0
1293	2497	Romance	Message in a Bottle	1999	Luis Mandoki	Kevin Costner, Robin Wright	6.1	0
1300	2513	Horror	Pet Sematary	1989	Mary Lambert	Dale Midkiff, Fred Gwynne	6.6	0
1301	2514	Horror	Pet Sematary II	1992	Mary Lambert	Edward Furlong, Anthony Edwards	4.7	0
1304	2527	Action|Sci-Fi|Thriller|Western	Westworld	1973	Michael Crichton	Yul Brynner, Richard Benjamin	7.1	0
1305	2525	Action|Horror|Sci-Fi	Alligator	1980	Lewis Teague	Robert Forster, Robin Riker	5.9	0
1306	2528	Action|Adventure|Sci-Fi	Logan's Run	1976	Michael Anderson	Michael York, Richard Jordan	6.8	0
1307	2530	Action|Sci-Fi	Beneath the Planet of the Apes	1970	Ted Post	James Franciscus, Kim Hunter	6.1	0
1308	2526	Sci-Fi	Meteor	1979	Ronald Neame	Sean Connery, Natalie Wood	4.9	0
1309	2532	Action|Sci-Fi	Conquest of the Planet of the Apes	1972	J. Lee Thompson	Roddy McDowall, Don Murray	6.1	0
1310	2531	Action|Sci-Fi	Battle for the Planet of the Apes	1973	J. Lee Thompson	Roddy McDowall, Claude Akins	5.5	0
1311	2533	Action|Sci-Fi	Escape from the Planet of the Apes	1971	Don Taylor	Roddy McDowall, Kim Hunter	6.3	0
1312	2534	Action	Avalanche	1978	Corey Allen	Rock Hudson, Mia Farrow	4.3	0
1313	2537	Adventure	Beyond the Poseidon Adventure	1979	Irwin Allen	Michael Caine, Sally Field	4.5	0
1314	2538	Documentary	Dancemaker	1998	Matthew Diamond	Andrew Asnes, Rachel Berman Benz	7.3	0
1320	2549	Action|Sci-Fi	Wing Commander	1999	Chris Roberts	Freddie Prinze Jr., Saffron Burrows	4.1	0
1324	2556	Comedy|Drama|Romance	Telling You	1998	Rob DeFranco	Peter Facinelli, Andy Berman	4.4	0
1331	2577	Comedy|Drama	Metroland	1997	Philip Saville	Christian Bale, Emily Watson	6.5	0
1333	2583	Mystery	Cookie's Fortune	1999	Robert Altman	Glenn Close, Julianne Moore	7.0	0
1338	2596	Comedy|Drama	SLC Punk!	1998	James Merendino	Matthew Lillard, Michael A. Goorjian	7.5	0
1340	2600	Action|Sci-Fi|Thriller	eXistenZ	1999	David Cronenberg	Jennifer Jason Leigh, Jude Law	6.8	0
1341	2605	Crime|Thriller	Entrapment	1999	Jon Amiel	Sean Connery, Catherine Zeta-Jones	6.2	0
1345	2613	Action|Horror|Sci-Fi	Night of the Comet	1984	Thom Eberhardt	Robert Beltran, Catherine Mary Stewart	6.4	0
1346	2615	Adventure|Sci-Fi	My Science Project	1985	Jonathan R. Betuel	John Stockwell, Danielle von Zerneck	6.0	0
1347	2616	Action|Crime	Dick Tracy	1990	Warren Beatty	Warren Beatty, Charlie Korsmo	6.1	0
1350	2625	Action	Black Mask	1996	Daniel Lee	Jet Li, Ching Wan Lau	6.1	0
1353	2628	Action|Adventure|Fantasy|Sci-Fi	Star Wars: Episode I - The Phantom Menace	1999	George Lucas	Liam Neeson, Ewan McGregor	6.5	0
1355	2641	Action|Adventure|Sci-Fi	Superman II	1980	Richard Lester,Richard Donner	Gene Hackman, Christopher Reeve	6.8	0
1357	2642	Action|Adventure|Sci-Fi	Superman III	1983	Richard Lester	Christopher Reeve, Richard Pryor	4.9	0
1358	2643	Action|Adventure|Sci-Fi	Superman IV: The Quest for Peace	1987	Sidney J. Furie	Christopher Reeve, Gene Hackman	3.7	0
1359	2647	Horror	House of Frankenstein	1944	Erle C. Kenton	Boris Karloff, Lon Chaney Jr.	6.3	0
1360	2649	Horror	Son of Frankenstein	1939	Rowland V. Lee	Basil Rathbone, Boris Karloff	7.2	0
1362	2661	Sci-Fi	It Came from Outer Space	1953	Jack Arnold	Richard Carlson, Barbara Rush	6.6	0
1363	2663	Sci-Fi	It Came from Beneath the Sea	1955	Robert Gordon	Kenneth Tobey, Faith Domergue	5.9	0
1364	2666	Sci-Fi	It Conquered the World	1956	Roger Corman	Peter Graves, Beverly Garland	4.9	0
1365	2668	Horror|Sci-Fi	Swamp Thing	1982	Wes Craven	Louis Jourdan, Adrienne Barbeau	5.4	0
1367	2669	War	Pork Chop Hill	1959	Lewis Milestone	Gregory Peck, Harry Guardino	7.1	0
1368	2677	Documentary	Buena Vista Social Club	1999	Wim Wenders	Compay Segundo, Eliades Ochoa	7.6	0
1369	2675	Comedy|Drama|Romance	Twice Upon a Yesterday	1998	Maria Ripoll	Lena Headey, Douglas Henshall	6.5	0
1375	2684	Comedy|Drama	Taxman	1999	Avi Nesher	Joe Pantoliano, Wade Dominguez	5.5	0
1376	2687	Animation|Children's	Tarzan	1999	Chris Buck,Kevin Lima	Brian Blessed, Glenn Close	7.2	0
1377	2689	Documentary	Get Bruce	1999	Andrew J. Kuehn	Whoopi Goldberg, Bette Midler	6.0	0
1378	2692	Action|Crime|Romance	Run Lola Run	1998	Tom Tykwer	Franka Potente, Moritz Bleibtreu	7.8	0
1379	2693	Documentary	Trekkies	1997	Roger Nygard	Denise Crosby, Barbara Adams	7.0	0
1383	2701	Action|Sci-Fi|Western	Wild Wild West	1999	Barry Sonnenfeld	Will Smith, Kevin Kline	4.8	0
1385	2707	Thriller	Arlington Road	1999	Mark Pellington	Jeff Bridges, Tim Robbins	7.2	0
1389	2713	Horror|Thriller	Lake Placid	1999	Steve Miner	Bill Pullman, Bridget Fonda	5.6	0
1392	2721	Romance	Trick	1999	Jim Fall	Tori Spelling, Christian Campbell	7.2	0
1393	2722	Action|Sci-Fi|Thriller	Deep Blue Sea	1999	Renny Harlin	Thomas Jane, Saffron Burrows	5.8	0
1398	2727	Film-Noir	Killer's Kiss	1955	Stanley Kubrick	Frank Silvera, Jamie Smith	6.7	0
1404	2738	Comedy|Drama	Crimes of the Heart	1986	Bruce Beresford	Diane Keaton, Jessica Lange	6.4	0
1405	2737	Action	Assassination	1987	Peter R. Hunt	Charles Bronson, Jill Ireland	5.0	0
1409	2750	Comedy|Drama	Radio Days	1987	Woody Allen	Mike Starr, Paul Herman	7.6	0
1421	2778	Thriller	Never Talk to Strangers	1995	Peter Hall	Rebecca De Mornay, Antonio Banderas	5.1	0
1424	2782	Horror	Pit and the Pendulum	1961	Roger Corman	Vincent Price, John Kerr	7.1	0
1425	2787	Horror	Cat's Eye	1985	Lewis Teague	Drew Barrymore, James Woods	6.2	0
1428	2789	Horror	Damien: Omen II	1978	Don Taylor,Mike Hodges	William Holden, Lee Grant	6.3	0
1433	2802	Action|Romance|Thriller	Tequila Sunrise	1988	Robert Towne	Mel Gibson, Michelle Pfeiffer	6.0	0
1436	2807	Action|Sci-Fi	Universal Soldier: The Return	1999	Mic Rodgers	Jean-Claude Van Damme, Michael Jai White	4.1	0
1437	2808	Action|Sci-Fi	Universal Soldier	1992	Roland Emmerich	Jean-Claude Van Damme, Dolph Lundgren	6.0	0
1440	2810	Animation|Mystery	Perfect Blue	1997	Satoshi Kon	Junko Iwao, Rica Matsumoto	7.8	0
1441	2815	Action|War	Iron Eagle	1986	Sidney J. Furie	Louis Gossett Jr., Jason Gedrick	5.3	0
1442	2812	Action|Thriller	In Too Deep	1999	Michael Rymer	Omar Epps, LL Cool J	6.1	0
1443	2816	Action|War	Iron Eagle II	1988	Sidney J. Furie	Louis Gossett Jr., Mark Humphrey	3.5	0
1444	2819	Thriller	Three Days of the Condor	1975	Sydney Pollack	Robert Redford, Faye Dunaway	7.5	0
1445	2817	Action|War	Aces: Iron Eagle III	1992	John Glen	Louis Gossett Jr., Rachel McLish	3.4	0
1446	2818	Action|War	Iron Eagle IV	1995	Sidney J. Furie	Louis Gossett Jr., Jason Cadieux	3.1	0
1448	2822	Adventure|Romance	Medicine Man	1992	John McTiernan	Sean Connery, Lorraine Bracco	6.0	0
1450	2824	Documentary	On the Ropes	1999	Nanette Burstein,Brett Morgen	Sam Doumit, Martin Goldman	7.5	0
1454	2833	Romance|War	Lucie Aubrac	1997	Claude Berri	Carole Bouquet, Daniel Auteuil	6.7	0
1455	2835	Action|Thriller	Chill Factor	1999	Hugh Johnson	Cuba Gooding Jr., Skeet Ulrich	5.2	0
1457	2840	Thriller	Stigmata	1999	Rupert Wainwright	Patricia Arquette, Gabriel Byrne	6.2	0
1459	2841	Thriller	Stir of Echoes	1999	David Koepp	Zachary David Cope, Kevin Bacon	7.0	0
1463	2849	Comedy|Drama	Queens Logic	1991	Steve Rash	Kevin Bacon, Linda Fiorentino	5.9	0
1465	2856	Thriller	I Saw What You Did	1965	William Castle	Joan Crawford, John Ireland	6.2	0
1466	2858	Comedy|Drama	American Beauty	1999	Sam Mendes	Kevin Spacey, Annette Bening	8.4	0
1467	2859	Documentary	Stop Making Sense	1984	Jonathan Demme	Bernie Worrell, Alex Weir	8.5	0
1469	2857	Animation|Musical	Yellow Submarine	1968	George Dunning	The Beatles, Paul Angelis	7.4	0
1470	2861	Comedy|Drama	For Love of the Game	1999	Sam Raimi	Kevin Costner, Kelly Preston	6.5	0
1474	2871	Adventure|Thriller	Deliverance	1972	John Boorman	Jon Voight, Burt Reynolds	7.7	0
1479	2876	Animation|Children's	Thumbelina	1994	Don Bluth,Gary Goldman	Gino Conforti, Barbara Cook	6.3	0
1481	2878	Horror	Hell Night	1981	Tom DeSimone	Linda Blair, Vincent Van Patten	5.8	0
1482	2881	Action|Thriller	Double Jeopardy	1999	Bruce Beresford	Tommy Lee Jones, Ashley Judd	6.4	0
1490	2895	Adventure	Napoleon and Samantha	1972	Bernard McEveety	Michael Douglas, Will Geer	6.2	0
1491	2896	Western	Alvarez Kelly	1966	Edward Dmytryk	William Holden, Richard Widmark	6.4	0
1492	2900	Horror|Sci-Fi	Monkey Shines	1988	George A. Romero	Jason Beghe, John Pankow	6.2	0
1493	2902	Horror|Thriller	Psycho II	1983	Richard Franklin	Anthony Perkins, Vera Miles	6.4	0
1494	2905	Action|Adventure	Sanjuro	1962	Akira Kurosawa	Toshir Mifune, Tatsuya Nakadai	8.2	0
1495	2903	Horror|Thriller	Psycho III	1986	Anthony Perkins	Anthony Perkins, Diana Scarwid	5.2	0
1498	2916	Action|Adventure|Sci-Fi|Thriller	Total Recall	1990	Paul Verhoeven	Arnold Schwarzenegger, Rachel Ticotin	7.5	0
1500	2914	Comedy|Drama	Molly	1999	John Duigan	Elisabeth Shue, Aaron Eckhart	5.8	0
1502	2917	Crime|Thriller	Body Heat	1981	Lawrence Kasdan	William Hurt, Kathleen Turner	7.4	0
1504	2926	Comedy|Drama	Hairspray	1988	John Waters	Sonny Bono, Ruth Brown	6.9	0
1506	2930	Documentary	Return with Honor	1998	Freida Lee Mock,Terry Sanders	Everett Alvarez, Ron Bliss	8.3	0
1509	2940	Film-Noir	Gilda	1946	Charles Vidor	Rita Hayworth, Glenn Ford	7.8	0
1510	2941	Musical|Romance|War	South Pacific	1958	Joshua Logan	Rossano Brazzi, Mitzi Gaynor	7.0	0
1512	2945	Mystery	Mike's Murder	1984	James Bridges	Debra Winger, Mark Keyloun	5.6	0
1513	2947	Action	Goldfinger	1964	Guy Hamilton	Sean Connery, Honor Blackman	7.8	0
1514	2948	Action	From Russia with Love	1963	Terence Young	Sean Connery, Daniela Bianchi	7.5	0
1516	2949	Action	Dr. No	1962	Terence Young	Sean Connery, Ursula Andress	7.3	0
1517	2956	Action|Crime|Thriller	Someone to Watch Over Me	1987	Ridley Scott	Tom Berenger, Mimi Rogers	6.1	0
1525	2968	Adventure|Fantasy|Sci-Fi	Time Bandits	1981	Terry Gilliam	John Cleese, Sean Connery	7.0	0
1528	2971	Musical	All That Jazz	1979	Bob Fosse	Roy Scheider, Jessica Lange	7.8	0
1531	2977	Comedy|Drama	Crazy in Alabama	1999	Antonio Banderas	Melanie Griffith, David Morse	6.3	0
1534	2984	Documentary	On Any Sunday	1971	Bruce Brown	Bruce Brown, David Evans	7.9	0
1536	2990	Action	Licence to Kill	1989	John Glen	Timothy Dalton, Carey Lowell	6.6	0
1537	2989	Action	For Your Eyes Only	1981	John Glen	Roger Moore, Carole Bouquet	6.8	0
1538	2991	Action	Live and Let Die	1973	Guy Hamilton	Roger Moore, Yaphet Kotto	6.8	0
1539	2993	Action	Thunderball	1965	Terence Young	Sean Connery, Claudine Auger	7.0	0
1540	2992	Horror|Thriller	Rawhead Rex	1986	George Pavlou	David Dukes, Kelly Piper	4.9	0
1543	3002	Documentary	My Best Fiend	1999	Werner Herzog	Werner Herzog, Claudia Cardinale	7.9	0
1545	3003	Comedy|Drama	Train of Life	1998	Radu Mihaileanu	Lionel Abelanski, Rufus	7.7	0
1546	3008	Thriller	Last Night	1998	Don McKellar	Don McKellar, Sandra Oh	7.3	0
1547	3007	Documentary	American Movie	1999	Chris Smith	Mark Borchardt, Tom Schimmels	7.9	0
1551	3016	Horror	Creepshow	1982	George A. Romero	Hal Holbrook, Adrienne Barbeau	6.8	0
1555	3024	Horror|Sci-Fi	Piranha	1978	Joe Dante	Bradford Dillman, Heather Menzies-Urich	5.9	0
1556	3025	Western	Rough Night in Jericho	1967	Arnold Laven	Dean Martin, George Peppard	6.4	0
1559	3030	Comedy|Drama|Western	Yojimbo	1961	Akira Kurosawa	Toshir Mifune, Tatsuya Nakadai	8.3	0
1560	3034	Animation|Children's	Robin Hood	1973	Wolfgang Reitherman	Roger Miller, Peter Ustinov	7.6	0
1562	3036	Adventure	Quest for Fire	1981	Jean-Jacques Annaud	Everett McGill, Ron Perlman	7.4	0
1563	3035	Comedy|Drama|War	Mister Roberts	1955	John Ford,Mervyn LeRoy	Henry Fonda, James Cagney	7.8	0
1565	3037	Comedy|Drama|Western	Little Big Man	1970	Arthur Penn	Dustin Hoffman, Faye Dunaway	7.7	0
1568	3044	Mystery|Romance|Thriller	Dead Again	1991	Kenneth Branagh	Kenneth Branagh, Andy Garcia	7.0	0
1569	3045	Comedy|Drama	Peter's Friends	1992	Kenneth Branagh	Hugh Laurie, Kenneth Branagh	7.0	0
1576	3055	Thriller	Felicia's Journey	1999	Atom Egoyan	Bob Hoskins, Arsine Khanjian	7.0	0
1578	3056	Thriller	Oxygen	1999	Richard Shepard	Maura Tierney, Adrien Brody	6.1	0
1579	3063	Thriller	Poison Ivy	1992	Katt Shea	Sara Gilbert, Drew Barrymore	5.3	0
1580	3066	War	Tora! Tora! Tora!	1970	Richard Fleischer,Kinji Fukasaku	Martin Balsam, S Yamamura	7.5	0
1582	3067	Comedy|Drama	Women on the Verge of a Nervous Breakdown	1988	Pedro Almodvar	Carmen Maura, Antonio Banderas	7.6	0
1584	3074	Western	Jeremiah Johnson	1972	Sydney Pollack	Robert Redford, Will Geer	7.6	0
1585	3075	Thriller	Repulsion	1965	Roman Polanski	Catherine Deneuve, Ian Hendry	7.8	0
1589	3083	Comedy|Drama	All About My Mother	1999	Pedro Almodvar	Cecilia Roth, Marisa Paredes	7.9	0
1595	3101	Thriller	Fatal Attraction	1987	Adrian Lyne	Michael Douglas, Glenn Close	6.9	0
1596	3102	Thriller	Jagged Edge	1985	Richard Marquand	Maria Mayenzet, Peter Coyote	6.4	0
1601	3113	Action|Thriller	End of Days	1999	Peter Hyams	Arnold Schwarzenegger, Gabriel Byrne	5.7	0
1607	3124	Comedy|Drama	Agnes Browne	1999	Anjelica Huston	Anjelica Huston, Marion O'Dwyer	6.5	0
1609	3129	Comedy|Drama	Sweet and Lowdown	1999	Woody Allen	Woody Allen, Ben Duncan	7.3	0
1613	3139	Action|Adventure	Tarzan the Fearless	1933	Robert F. Hill	Buster Crabbe, Julie Bishop	5.3	0
1616	3149	Mystery	Diamonds	1999	John Asher	Kirk Douglas, Dan Aykroyd	5.4	0
1617	3156	Comedy|Drama|Sci-Fi	Bicentennial Man	1999	Chris Columbus	Robin Williams, Embeth Davidtz	6.8	0
1622	3162	Comedy|Drama	Simpatico	1999	Matthew Warchus	Nick Nolte, Jeff Bridges	4.5	0
1625	3166	Adventure	Brenda Starr	1989	Robert Ellis Miller	Brooke Shields, Timothy Dalton	4.6	0
1627	3170	Western	Hi-Yo Silver	1940	John English,William Witney	Chief Thundercloud, Lynne Roberts	6.6	0
1630	3172	Adventure	Ulysses	1954	Mario Camerini	Kirk Douglas, Silvana Mangano	6.7	0
1632	3174	Comedy|Drama	Man on the Moon	1999	Milos Forman	Jim Carrey, Gerry Becker	7.4	0
1637	3190	Adventure|Sci-Fi	Supernova	2000	Walter Hill	James Spader, Angela Bassett	4.8	0
1641	3203	Thriller	Dead Calm	1989	Phillip Noyce	Nicole Kidman, Sam Neill	6.8	0
1643	3206	Romance	Against All Odds	1984	Taylor Hackford	Rachel Ward, Jeff Bridges	5.9	0
1644	3205	Horror	Black Sunday	1960	Mario Bava	Barbara Steele, John Richardson	7.3	0
1646	3213	Animation|Children's	Batman: Mask of the Phantasm	1993	Eric Radomski,Bruce W. Timm	Kevin Conroy, Dana Delany	7.9	0
1651	3219	Thriller	Pacific Heights	1990	John Schlesinger	Melanie Griffith, Matthew Modine	6.4	0
1658	3236	Western	Zachariah	1971	George Englund	John Rubinstein, Patricia Quinn	5.8	0
1660	3238	Thriller	Eye of the Beholder	1999	Stephan Elliott	Ewan McGregor, Ashley Judd	4.9	0
1668	3256	Action|Thriller	Patriot Games	1992	Phillip Noyce	Harrison Ford, Anne Archer	6.9	0
1676	3269	Adventure|Romance|Sci-Fi	Forever Young	1992	Steve Miner	Mel Gibson, Jamie Lee Curtis	6.2	0
1678	3274	Action	Single White Female	1992	Barbet Schroeder	Bridget Fonda, Jennifer Jason Leigh	6.3	0
1681	3283	Action	Minnie and Moskowitz	1971	John Cassavetes	Gena Rowlands, Seymour Cassel	7.5	0
1686	3294	Horror	Eaten Alive	1976	Tobe Hooper	Neville Brand, Mel Ferrer	5.4	0
1690	3299	Comedy|Drama	Hanging Up	2000	Diane Keaton	Meg Ryan, Diane Keaton	4.7	0
1691	3297	Documentary	With Byrd at the South Pole	1930		Richard E. Byrd, Clair D. Alexander	7.2	0
1692	3300	Action|Sci-Fi	Pitch Black	2000	David Twohy	Vin Diesel, Radha Mitchell	7.1	0
1694	3307	Comedy|Drama|Romance	City Lights	1931	Charles Chaplin	Virginia Cherrill, Florence Lee	8.6	0
1696	3315	Musical	Happy Go Lovely	1951	H. Bruce Humberstone	David Niven, Vera-Ellen	6.5	0
1697	3316	Action|Thriller	Reindeer Games	2000	John Frankenheimer	Ben Affleck, James Frain	5.7	0
1699	3317	Comedy|Drama	Wonder Boys	2000	Curtis Hanson	Michael Douglas, Tobey Maguire	7.4	0
1711	3338	Documentary	For All Mankind	1989	Al Reinert	Jim Lovell, Russell Schweickart	8.2	0
1712	3339	War	Cross of Iron	1977	Sam Peckinpah	James Coburn, Maximilian Schell	7.5	0
1713	3344	Horror	Blood Feast	1963	Herschell Gordon Lewis	William Kerwin, Mal Arnold	5.0	0
1714	3346	Horror	Color Me Blood Red	1965	Herschell Gordon Lewis	Gordon Oas-Heim, Candi Conder	5.3	0
1716	3354	Sci-Fi	Mission to Mars	2000	Brian De Palma	Gary Sinise, Tim Robbins	5.6	0
1717	3351	Horror	Two Thousand Maniacs!	1964	Herschell Gordon Lewis	Connie Mason, William Kerwin	5.9	0
1719	3356	Documentary	Condo Painting	2000	John McNaughton	Patrick Achdjian, William S. Burroughs	7.1	0
1722	3362	Comedy|Crime|Drama	Dog Day Afternoon	1975	Sidney Lumet	Penelope Allen, Sully Boyar	8.0	0
1724	3363	Comedy|Drama	American Graffiti	1973	George Lucas	Richard Dreyfuss, Ron Howard	7.5	0
1728	3375	Sci-Fi	Destination Moon	1950	Irving Pichel	John Archer, Warner Anderson	6.4	0
1729	3373	Western	Buck and the Preacher	1972	Sidney Poitier,Joseph Sargent	Sidney Poitier, Harry Belafonte	6.4	0
1730	3380	Film-Noir	Railroaded!	1947	Anthony Mann	John Ireland, Sheila Ryan	6.7	0
1732	3381	Comedy|Drama	Slaves to the Underground	1997	Kristine Peterson	Molly Gross, Jason Bortz	5.2	0
1737	3389	Action|Adventure	Let's Get Harry	1986	Stuart Rosenberg	Fidel Abrego, Jere Burns	5.2	0
1739	3390	Adventure	Shanghai Surprise	1986	Jim Goddard	Sean Penn, Madonna	3.0	0
1744	3400	Animation|Children's	We're Back! A Dinosaur's Story	1993	Phil Nibbelink,Simon Wells	John Goodman, Blaze Berdahl	6.1	0
1749	3410	Comedy|Drama	Soft Fruit	1999	Christina Andreef	Jeanie Drynan, Linal Haft	6.7	0
1751	3414	Romance	Love Is a Many-Splendored Thing	1955	Henry King,Otto Lang	William Holden, Jennifer Jones	6.6	0
1756	3424	Comedy|Drama	Do the Right Thing	1989	Spike Lee	Danny Aiello, Ossie Davis	7.9	0
1758	3427	Crime	Coogan's Bluff	1968	Don Siegel	Clint Eastwood, Lee J. Cobb	6.5	0
1763	3435	Crime|Film-Noir	Double Indemnity	1944	Billy Wilder	Fred MacMurray, Barbara Stanwyck	8.4	0
1766	3440	Action|Children's|Fantasy	Teenage Mutant Ninja Turtles III	1993	Stuart Gillard	Elias Koteas, Paige Turco	4.8	0
1767	3441	Action|War	Red Dawn	1984	John Milius	Patrick Swayze, C. Thomas Howell	6.3	0
1768	3439	Action|Children's|Fantasy	Teenage Mutant Ninja Turtles II: The Secret of the Ooze	1991	Michael Pressman	Paige Turco, David Warner	6.0	0
1769	3442	Action	Band of the Hand	1986	Paul Michael Glaser	Stephen Lang, Michael Carmine	6.3	0
1771	3444	Action	Bloodsport	1988	Newt Arnold	Jean-Claude Van Damme, Donald Gibb	6.8	0
1772	3445	Mystery|Thriller	Eyes of Laura Mars	1978	Irvin Kershner	Faye Dunaway, Tommy Lee Jones	6.1	0
1776	3452	Action|Romance	Romeo Must Die	2000	Andrzej Bartkowiak	Jet Li, Aaliyah	6.1	0
1777	3451	Comedy|Drama	Guess Who's Coming to Dinner	1967	Stanley Kramer	Spencer Tracy, Sidney Poitier	7.8	0
1788	3474	Sci-Fi|Thriller	Retroactive	1997	Louis Morneau	James Belushi, Kylie Travis	6.3	0
1790	3477	Comedy|Drama	Empire Records	1995	Allan Moyle	Anthony LaPaglia, Maxwell Caulfield	6.7	0
1791	3479	Adventure|Fantasy|Romance	Ladyhawke	1985	Richard Donner	Matthew Broderick, Rutger Hauer	7.0	0
1792	3476	Horror|Mystery|Thriller	Jacob's Ladder	1990	Adrian Lyne	Tim Robbins, Elizabeth Pea	7.5	0
1796	3485	Horror	Autopsy	1975	Armando Crispino	Mimsy Farmer, Barry Primus	5.9	0
1797	3489	Adventure|Fantasy	Hook	1991	Steven Spielberg	Dustin Hoffman, Robin Williams	6.7	0
1799	3493	Horror	Torso	1973	Sergio Martino	Suzy Kendall, Tina Aumont	6.6	0
1800	3494	Adventure|Western	True Grit	1969	Henry Hathaway	John Wayne, Glen Campbell	7.4	0
1802	3495	Comedy|Drama	Roadside Prophets	1992	Abbe Wool	John Doe, David Anthony Marshall	6.5	0
1804	3499	Horror	Misery	1990	Rob Reiner	James Caan, Kathy Bates	7.8	0
1808	3500	Comedy|Drama	Mr. Saturday Night	1992	Billy Crystal	Billy Crystal, David Paymer	5.8	0
1809	3505	Thriller	No Way Out	1987	Roger Donaldson	Kevin Costner, Gene Hackman	7.1	0
1810	3506	Comedy|Drama	North Dallas Forty	1979	Ted Kotcheff	Nick Nolte, Mac Davis	7.0	0
1815	3521	Comedy|Crime|Drama	Mystery Train	1989	Jim Jarmusch	Masatoshi Nagase, Yki Kud	7.6	0
1817	3523	Action|Thriller	Taffin	1988	Francis Megahy	Pierce Brosnan, Ray McAnally	5.6	0
1819	3527	Action|Sci-Fi|Thriller	Predator	1987	John McTiernan	Arnold Schwarzenegger, Carl Weathers	7.8	0
1820	3526	Comedy|Drama	Parenthood	1989	Ron Howard	Steve Martin, Mary Steenburgen	7.0	0
1822	3531	Comedy|Drama|Romance	All the Vermeers in New York	1990	Jon Jost	Emmanuelle Chaulet, Katherine Bean	6.8	0
1824	3537	Comedy|Drama	Where the Money Is	2000	Marek Kanievska	Paul Newman, Linda Fiorentino	6.3	0
1826	3541	Action	Third World Cop	1999	Chris Browne	Paul Campbell, Mark Danvers	6.3	0
1827	3543	Comedy|Drama	Diner	1982	Barry Levinson	Steve Guttenberg, Daniel Stern	7.2	0
1832	3548	Comedy|Drama	Auntie Mame	1958	Morton DaCosta	Rosalind Russell, Forrest Tucker	8.0	0
1833	3549	Musical	Guys and Dolls	1955	Joseph L. Mankiewicz	Marlon Brando, Jean Simmons	7.3	0
1834	3551	Thriller	Marathon Man	1976	John Schlesinger	Dustin Hoffman, Laurence Olivier	7.5	0
1838	3565	Comedy|Drama	Where the Heart Is	2000	Matt Williams	Natalie Portman, Ashley Judd	6.8	0
1839	3572	Horror|Sci-Fi	Carnosaur	1993	Adam Simon,Darren Moloney	Diane Ladd, Raphael Sbarge	3.5	0
1844	3591	Comedy|Drama	Mr. Mom	1983	Stan Dragoti	Michael Keaton, Teri Garr	6.5	0
1846	3593	Action|Sci-Fi	Battlefield Earth	2000	Roger Christian	John Travolta, Barry Pepper	2.4	0
1851	3604	Musical	Gypsy	1962	Mervyn LeRoy	Rosalind Russell, Natalie Wood	7.2	0
1853	3607	Comedy|Drama|Western	One Little Indian	1973	Bernard McEveety	James Garner, Vera Miles	6.6	0
1855	3606	Musical	On the Town	1949	Stanley Donen,Gene Kelly	Gene Kelly, Frank Sinatra	7.6	0
1856	3609	Documentary	Regret to Inform	1998	Barbara Sonneborn	Xuan Ngoc Nguyen, Barbara Sonneborn	7.4	0
1857	3610	Musical	Roustabout	1964	John Rich	Elvis Presley, Barbara Stanwyck	5.9	0
1863	3625	Documentary	Better Living Through Circuitry	1999	Jon Reiss	Moby, Lord T. Byron	7.1	0
1864	3624	Action	Shanghai Noon	2000	Tom Dey	Jackie Chan, Owen Wilson	6.6	0
1865	3627	Horror|Thriller	Carnival of Souls	1962	Herk Harvey	Candace Hilligoss, Frances Feist	7.2	0
1867	3633	Action	On Her Majesty's Secret Service	1969	Peter R. Hunt	George Lazenby, Diana Rigg	6.8	0
1869	3634	Thriller	Seven Days in May	1964	John Frankenheimer	Burt Lancaster, Kirk Douglas	7.9	0
1870	3638	Action|Romance|Sci-Fi	Moonraker	1979	Lewis Gilbert	Roger Moore, Lois Chiles	6.3	0
1873	3644	Western	Dark Command	1940	Raoul Walsh	Claire Trevor, John Wayne	6.9	0
1874	3642	Western	In Old California	1942	William C. McGann	John Wayne, Binnie Barnes	6.4	0
1876	3656	Crime	Lured	1947	Douglas Sirk	George Sanders, Lucille Ball	7.0	0
1878	3661	Horror|Sci-Fi|Thriller	Puppet Master II	1990	David Allen	Elizabeth Maclellan, Collin Bernsen	5.4	0
1879	3662	Horror|Sci-Fi|Thriller	Puppet Master III: Toulon's Revenge	1991	David DeCoteau	Guy Rolfe, Richard Lynch	6.0	0
1880	3665	Horror|Sci-Fi|Thriller	Curse of the Puppet Master	1998	David DeCoteau	George Peck, Emily Harrison	3.9	0
1884	3673	Adventure|Children's	Benji the Hunted	1987	Joe Camp	Benjean, Frank Inn	6.3	0
1885	3675	Musical	White Christmas	1954	Michael Curtiz	Bing Crosby, Danny Kaye	7.6	0
1886	3674	Adventure|Children's	For the Love of Benji	1977	Joe Camp	Benjean, Art Vasil	5.9	0
1887	3677	Documentary	Baraka	1992	Ron Fricke		8.6	0
1888	3672	Adventure|Children's	Benji	1974	Joe Camp	Patsy Garrett, Allen Fiuzat	6.1	0
1890	3682	Western	Magnum Force	1973	Ted Post	Clint Eastwood, Hal Holbrook	7.2	0
1891	3681	Western	For a Few Dollars More	1965	Sergio Leone	Clint Eastwood, Lee Van Cleef	8.3	0
1892	3686	Thriller	Flatliners	1990	Joel Schumacher	Kiefer Sutherland, Julia Roberts	6.5	0
1893	3685	Comedy|Drama|Romance	Prizzi's Honor	1985	John Huston	Jack Nicholson, Kathleen Turner	6.8	0
1901	3705	Action|Adventure|Romance|Thriller	Bird on a Wire	1990	John Badham	Mel Gibson, Goldie Hawn	5.9	0
1902	3704	Action|Sci-Fi	Mad Max Beyond Thunderdome	1985	George Miller,George Ogilvie	Mel Gibson, Bruce Spence	6.2	0
1903	3706	Film-Noir|Mystery|Thriller	Angel Heart	1987	Alan Parker	Mickey Rourke, Robert De Niro	7.3	0
1905	3709	Horror	Sleepwalkers	1992	Mick Garris	Brian Krause, Mdchen Amick	5.1	0
1906	3708	Horror|Thriller	Firestarter	1984	Mark L. Lester	David Keith, Drew Barrymore	6.0	0
1912	3716	Action|Crime	Fatal Beauty	1987	Tom Holland	Whoopi Goldberg, Sam Elliott	5.3	0
1913	3718	Documentary	American Pimp	1999	Albert Hughes,Allen Hughes	Too $hort, John S. Dickson	6.6	0
1917	3725	Animation|Musical	American Pop	1981	Ralph Bakshi	Ron Thompson, Mews Small	7.2	0
1927	3744	Action|Crime	Shaft	2000	John Singleton	Samuel L. Jackson, Vanessa Williams	5.9	0
1928	3745	Adventure|Animation|Sci-Fi	Titan A.E.	2000	Don Bluth,Gary Goldman	Matt Damon, Bill Pullman	6.6	0
1932	3757	Horror	Asylum	1972	Roy Ward Baker	Barbara Parkins, Richard Todd	6.5	0
1934	3763	Action|Crime|Thriller	F/X	1986	Robert Mandel	Bryan Brown, Brian Dennehy	6.6	0
1935	3766	Action|War	Missing in Action	1984	Joseph Zito	Chuck Norris, M. Emmet Walsh	5.3	0
1936	3768	Action|War	Braddock: Missing in Action III	1988	Aaron Norris	Chuck Norris, Aki Aleong	4.6	0
1937	3770	Adventure|Crime|Sci-Fi|Thriller	Dreamscape	1984	Joseph Ruben	Dennis Quaid, Max von Sydow	6.3	0
1938	3769	Action	Thunderbolt and Lightfoot	1974	Michael Cimino	Clint Eastwood, Jeff Bridges	7.1	0
1940	3776	Animation|Children's|Musical	Melody Time	1948	Clyde Geronimi,Wilfred Jackson	Roy Rogers, Trigger	6.5	0
1941	3775	Animation|Children's|Musical	Make Mine Music	1946	Robert Cormack,Clyde Geronimi	Nelson Eddy, Dinah Shore	6.5	0
1942	3778	Comedy|Drama	On Our Merry Way	1948	Leslie Fenton,King Vidor	Paulette Goddard, James Stewart	6.0	0
1944	3779	Sci-Fi	Project Moon Base	1953	Richard Talmadge	Donna Martell, Hayden Rorke	2.7	0
1945	3782	Action|Crime	Shaft's Big Score!	1972	Gordon Parks	Richard Roundtree, Moses Gunn	6.1	0
1946	3781	Action|Crime	Shaft in Africa	1973	John Guillermin	Richard Roundtree, Frank Finlay	5.9	0
1948	3780	Sci-Fi	Rocketship X-M	1950	Kurt Neumann	Lloyd Bridges, Osa Massen	4.9	0
1951	3792	Western	Duel in the Sun	1946	King Vidor,Otto Brower	Jennifer Jones, Joseph Cotten	6.9	0
1952	3793	Action|Sci-Fi	X-Men	2000	Bryan Singer	Hugh Jackman, Patrick Stewart	7.4	0
1953	3798	Thriller	What Lies Beneath	2000	Robert Zemeckis	Michelle Pfeiffer, Katharine Towne	6.6	0
1956	3802	Action|Sci-Fi	Freejack	1992	Geoff Murphy	Emilio Estevez, Mick Jagger	5.3	0
1960	3807	Action|Adventure	Sinbad and the Eye of the Tiger	1977	Sam Wanamaker	Patrick Wayne, Taryn Power	6.3	0
1967	3820	Children's	Thomas and the Magic Railroad	2000	Britt Allcroft	Alec Baldwin, Cody McMains	3.6	0
1970	3827	Action|Sci-Fi	Space Cowboys	2000	Clint Eastwood	Clint Eastwood, Tommy Lee Jones	6.4	0
1976	3838	Horror	Phantasm III: Lord of the Dead	1994	Don Coscarelli	Reggie Bannister, A. Michael Baldwin	6.0	0
1977	3837	Horror	Phantasm II	1988	Don Coscarelli	James Le Gros, Reggie Bannister	6.5	0
1978	3839	Horror	Phantasm IV: Oblivion	1998	Don Coscarelli	A. Michael Baldwin, Reggie Bannister	5.7	0
1979	3840	Horror	Pumpkinhead	1988	Stan Winston	Lance Henriksen, Jeff East	6.2	0
1981	3843	Horror	Sleepaway Camp	1983	Robert Hiltzik	Felissa Rose, Jonathan Tiersten	6.2	0
1986	3857	Thriller	Bless the Child	2000	Chuck Russell	Kim Basinger, Jimmy Smits	5.1	0
1992	3877	Action|Adventure|Fantasy	Supergirl	1984	Jeannot Szwarc	Faye Dunaway, Helen Slater	4.3	0
1993	3881	Documentary	Bittersweet Motel	2000	Todd Phillips	Trey Anastasio, Jon Fishman	8.1	0
1995	3889	Action|Adventure|Fantasy	Highlander: Endgame	2000	Douglas Aarniokoski	Adrian Paul, Christopher Lambert	4.6	0
1999	3892	Horror	Anatomy	2000	Stefan Ruzowitzky	Franka Potente, Benno Frmann	6.1	0
2001	3897	Comedy|Drama	Almost Famous	2000	Cameron Crowe	Billy Crudup, Frances McDormand	7.9	0
2003	3906	Crime	Under Suspicion	2000	Stephen Hopkins	Gene Hackman, Morgan Freeman	6.5	0
2007	3908	Horror	Urban Legends: Final Cut	2000	John Ottman	Jennifer Morrison, Matthew Davis	4.1	0
2009	3913	Documentary	Barenaked in America	1999	Jason Priestley	Steven Page, Ed Robertson	7.3	0
2012	3919	Horror	Hellraiser III: Hell on Earth	1992	Anthony Hickox	Kevin Bernhardt, Lawrence Mortorff	5.4	0
2013	3918	Horror	Hellbound: Hellraiser II	1988	Tony Randel	Clare Higgins, Ashley Laurence	6.5	0
2015	3923	Horror|Sci-Fi	Return of the Fly	1959	Edward Bernds	Vincent Price, Brett Halsey	5.7	0
2018	3926	Adventure|Sci-Fi	Voyage to the Bottom of the Sea	1961	Irwin Allen	Walter Pidgeon, Joan Fontaine	6.1	0
2019	3927	Adventure|Sci-Fi	Fantastic Voyage	1966	Richard Fleischer	Stephen Boyd, Raquel Welch	6.9	0
2021	3934	Sci-Fi	Kronos	1957	Kurt Neumann	Jeff Morrow, Barbara Lawrence	5.9	0
2022	3937	Sci-Fi|Thriller	Runaway	1984	Michael Crichton	Tom Selleck, Cynthia Rhodes	5.9	0
2023	3941	Horror	Sorority House Massacre	1986	Carol Frank	Angela O'Neill, Wendy Martel	4.3	0
2026	3944	Comedy|Drama	Bootmen	2000	Dein Perry	Vaughan Sheffield, Christian Patterson	6.2	0
2027	3947	Thriller	Get Carter	1971	Mike Hodges	Michael Caine, Ian Hendry	7.5	0
2029	3945	Adventure|Animation|Children's	Digimon: The Movie	2000	Mamoru Hosoda,Shigeyasu Yamauchi	Lara Jill Miller, Joshua Seth	5.9	0
